-- phpMyAdmin SQL Dump
-- version 4.6.5.2
-- https://www.phpmyadmin.net/
--
-- Host: 127.0.0.1
-- Creato il: Nov 11, 2018 alle 08:11
-- Versione del server: 10.1.21-MariaDB
-- Versione PHP: 7.1.1

SET SQL_MODE = "NO_AUTO_VALUE_ON_ZERO";
SET time_zone = "+00:00";


/*!40101 SET @OLD_CHARACTER_SET_CLIENT=@@CHARACTER_SET_CLIENT */;
/*!40101 SET @OLD_CHARACTER_SET_RESULTS=@@CHARACTER_SET_RESULTS */;
/*!40101 SET @OLD_COLLATION_CONNECTION=@@COLLATION_CONNECTION */;
/*!40101 SET NAMES utf8mb4 */;

--
-- Database: `db`
--

-- --------------------------------------------------------

--
-- Struttura della tabella `fields`
--

CREATE TABLE `fields` (
  `id` int(11) NOT NULL,
  `idObject` int(11) NOT NULL,
  `name` varchar(20) NOT NULL,
  `type` varchar(20) NOT NULL
) ENGINE=InnoDB DEFAULT CHARSET=latin1;

--
-- Dump dei dati per la tabella `fields`
--

INSERT INTO `fields` (`id`, `idObject`, `name`, `type`) VALUES
(1, 4, 'Field1', 'integer'),
(2, 8, 'Field1', 'integer'),
(3, 12, 'Field1', 'integer'),
(5, 22, 'f1', 'string'),
(6, 23, 'f1', 'string'),
(7, 24, 'f1', 'string'),
(8, 25, 'f1', 'string'),
(9, 26, 'f1', 'string'),
(10, 27, 'f1', 'string'),
(11, 28, 'f1', 'string'),
(12, 29, 'f1', 'string'),
(13, 30, 'f1', 'string'),
(14, 31, '0', 'object'),
(15, 32, 'object1', 'object'),
(16, 33, 'field1', 'string'),
(17, 33, 'field2', 'string'),
(18, 31, '1', 'integer'),
(19, 31, '2', 'integer'),
(20, 34, '0', 'object'),
(21, 35, 'object1', 'object'),
(22, 36, 'field1', 'string'),
(23, 36, 'field2', 'string'),
(24, 34, '1', 'integer'),
(25, 34, '2', 'integer'),
(26, 37, '0', 'object'),
(27, 38, 'object1', 'object'),
(28, 39, 'field1', 'string'),
(29, 39, 'field2', 'string'),
(30, 37, '1', 'integer'),
(31, 37, '2', 'integer'),
(32, 40, '0', 'object'),
(33, 41, 'object1', 'object'),
(34, 42, 'field1', 'string'),
(35, 42, 'field2', 'string'),
(36, 40, '1', 'integer'),
(37, 40, '2', 'integer'),
(38, 43, '0', 'object'),
(39, 44, 'object1', 'object'),
(40, 45, 'field1', 'string'),
(41, 45, 'field2', 'string'),
(42, 43, '1', 'integer'),
(43, 43, '2', 'integer'),
(44, 46, '0', 'object'),
(45, 47, 'object1', 'object'),
(46, 48, 'field1', 'string'),
(47, 48, 'field2', 'string'),
(48, 46, '1', 'integer'),
(49, 46, '2', 'integer'),
(50, 49, '0', 'object'),
(51, 50, 'object1', 'object'),
(52, 51, 'field1', 'string'),
(53, 51, 'field2', 'string'),
(54, 49, '1', 'integer'),
(55, 49, '2', 'integer'),
(56, 52, '0', 'object'),
(57, 53, 'object1', 'object'),
(58, 54, 'field1', 'string'),
(59, 54, 'field2', 'string'),
(60, 52, '1', 'integer'),
(61, 52, '2', 'integer'),
(62, 55, '0', 'object'),
(63, 56, 'object1', 'object'),
(64, 57, 'field1', 'string'),
(65, 57, 'field2', 'string'),
(66, 55, '1', 'integer'),
(67, 55, '2', 'integer'),
(68, 58, '0', 'object'),
(69, 59, 'object1', 'object'),
(70, 60, 'field1', 'string'),
(71, 60, 'field2', 'string'),
(72, 58, '1', 'integer'),
(73, 58, '2', 'integer'),
(74, 61, '0', 'object'),
(75, 62, 'object1', 'object'),
(76, 63, 'field1', 'string'),
(77, 63, 'field2', 'string'),
(78, 61, '1', 'integer'),
(79, 61, '2', 'integer'),
(80, 64, '0', 'object'),
(81, 65, 'name', 'object'),
(82, 66, 'field1', 'string'),
(83, 66, 'field2', 'string'),
(84, 64, '1', 'integer'),
(85, 64, '2', 'integer'),
(86, 67, '0', 'object'),
(87, 68, 'object1', 'object'),
(88, 69, 'field1', 'string'),
(89, 69, 'field2', 'string'),
(90, 67, '1', 'integer'),
(91, 67, '2', 'integer'),
(92, 70, '0', 'object'),
(93, 71, 'name', 'object'),
(94, 72, 'field1', 'string'),
(95, 72, 'field2', 'string'),
(96, 70, '1', 'integer'),
(97, 70, '2', 'integer'),
(98, 73, '0', 'object'),
(99, 74, 'object1', 'object'),
(100, 75, 'field1', 'string'),
(101, 75, 'field2', 'string'),
(102, 73, '1', 'integer'),
(103, 73, '2', 'integer'),
(104, 76, '0', 'object'),
(105, 77, 'name', 'object'),
(106, 78, 'field1', 'string'),
(107, 78, 'field2', 'string'),
(108, 76, '1', 'integer'),
(109, 76, '2', 'integer'),
(110, 79, '0', 'object'),
(111, 80, 'object1', 'object'),
(112, 81, 'field1', 'string'),
(113, 81, 'field2', 'string'),
(114, 79, '1', 'integer'),
(115, 79, '2', 'integer'),
(116, 82, '0', 'object'),
(117, 83, 'name', 'object'),
(118, 84, 'field1', 'string'),
(119, 84, 'field2', 'string'),
(120, 82, '1', 'integer'),
(121, 82, '2', 'integer'),
(122, 85, '0', 'object'),
(123, 86, 'object1', 'object'),
(124, 87, 'field1', 'string'),
(125, 87, 'field2', 'string'),
(126, 85, '1', 'integer'),
(127, 85, '2', 'integer'),
(128, 88, '0', 'object'),
(129, 89, 'name', 'object'),
(130, 90, 'field1', 'string'),
(131, 90, 'field2', 'string'),
(132, 88, '1', 'integer'),
(133, 88, '2', 'integer'),
(134, 91, '0', 'object'),
(135, 92, 'object1', 'object'),
(136, 93, 'field1', 'string'),
(137, 93, 'field2', 'string'),
(138, 91, '1', 'integer'),
(139, 91, '2', 'integer'),
(140, 94, '0', 'object'),
(141, 95, 'name', 'object'),
(142, 96, 'field1', 'string'),
(143, 96, 'field2', 'string'),
(144, 94, '1', 'integer'),
(145, 94, '2', 'integer'),
(146, 97, '0', 'object'),
(147, 98, 'object1', 'object'),
(148, 99, 'field1', 'string'),
(149, 99, 'field2', 'string'),
(150, 97, '1', 'integer'),
(151, 97, '2', 'integer'),
(152, 100, '0', 'object'),
(153, 101, 'name', 'object'),
(154, 102, 'field1', 'string'),
(155, 102, 'field2', 'string'),
(156, 100, '1', 'integer'),
(157, 100, '2', 'integer'),
(158, 103, '0', 'object'),
(159, 104, 'object1', 'object'),
(160, 105, 'field1', 'string'),
(161, 105, 'field2', 'string'),
(162, 103, '1', 'integer'),
(163, 103, '2', 'integer'),
(164, 106, '0', 'object'),
(165, 107, 'name', 'object'),
(166, 108, 'field1', 'string'),
(167, 108, 'field2', 'string'),
(168, 106, '1', 'integer'),
(169, 106, '2', 'integer'),
(170, 109, '0', 'object'),
(171, 110, 'object1', 'object'),
(172, 111, 'field1', 'string'),
(173, 111, 'field2', 'string'),
(174, 109, '1', 'integer'),
(175, 109, '2', 'integer'),
(176, 112, '0', 'object'),
(177, 113, 'name', 'object'),
(178, 114, 'field1', 'string'),
(179, 114, 'field2', 'string'),
(180, 112, '1', 'integer'),
(181, 112, '2', 'integer'),
(182, 115, '0', 'object'),
(183, 116, 'object1', 'object'),
(184, 117, 'field1', 'string'),
(185, 117, 'field2', 'string'),
(186, 115, '1', 'integer'),
(187, 115, '2', 'integer'),
(188, 118, '0', 'object'),
(189, 119, 'name', 'object'),
(190, 120, 'field1', 'string'),
(191, 120, 'field2', 'string'),
(192, 118, '1', 'integer'),
(193, 118, '2', 'integer'),
(194, 121, '0', 'object'),
(195, 122, 'object1', 'object'),
(196, 123, 'field1', 'string'),
(197, 123, 'field2', 'string'),
(198, 121, '1', 'integer'),
(199, 121, '2', 'integer'),
(200, 124, '0', 'object'),
(201, 125, 'name', 'object'),
(202, 126, 'field1', 'string'),
(203, 126, 'field2', 'string'),
(204, 124, '1', 'integer'),
(205, 124, '2', 'integer'),
(206, 127, '0', 'object'),
(207, 128, 'object1', 'object'),
(208, 129, 'field1', 'string'),
(209, 129, 'field2', 'string'),
(210, 127, '1', 'integer'),
(211, 127, '2', 'integer'),
(212, 130, '0', 'object'),
(213, 131, 'name', 'object'),
(214, 132, 'field1', 'string'),
(215, 132, 'field2', 'string'),
(216, 130, '1', 'integer'),
(217, 130, '2', 'integer'),
(218, 133, '0', 'object'),
(219, 134, 'object1', 'object'),
(220, 135, 'field1', 'string'),
(221, 135, 'field2', 'string'),
(222, 133, '1', 'integer'),
(223, 133, '2', 'integer'),
(224, 136, '0', 'object'),
(225, 137, 'name', 'object'),
(226, 138, 'field1', 'string'),
(227, 138, 'field2', 'string'),
(228, 136, '1', 'integer'),
(229, 136, '2', 'integer'),
(230, 139, '0', 'object'),
(231, 140, 'object1', 'object'),
(232, 141, 'field1', 'string'),
(233, 141, 'field2', 'string'),
(234, 139, '1', 'integer'),
(235, 139, '2', 'integer'),
(236, 142, '0', 'object'),
(237, 143, 'name', 'object'),
(238, 144, 'field1', 'string'),
(239, 144, 'field2', 'string'),
(240, 142, '1', 'integer'),
(241, 142, '2', 'integer'),
(242, 145, '0', 'object'),
(243, 146, 'object1', 'object'),
(244, 147, 'field1', 'string'),
(245, 147, 'field2', 'string'),
(246, 145, '1', 'integer'),
(247, 145, '2', 'integer'),
(248, 148, '0', 'object'),
(249, 149, 'name', 'object'),
(250, 150, 'field1', 'string'),
(251, 150, 'field2', 'string'),
(252, 148, '1', 'integer'),
(253, 148, '2', 'integer'),
(254, 151, '0', 'object'),
(255, 152, 'object1', 'object'),
(256, 153, 'field1', 'string'),
(257, 153, 'field2', 'string'),
(258, 151, '1', 'integer'),
(259, 151, '2', 'integer'),
(260, 154, '0', 'object'),
(261, 155, 'name', 'object'),
(262, 156, 'field1', 'string'),
(263, 156, 'field2', 'string'),
(264, 154, '1', 'integer'),
(265, 154, '2', 'integer'),
(266, 157, '0', 'object'),
(267, 158, 'object1', 'object'),
(268, 159, 'field1', 'string'),
(269, 159, 'field2', 'string'),
(270, 157, '1', 'integer'),
(271, 157, '2', 'integer'),
(272, 160, '0', 'object'),
(273, 161, 'name', 'object'),
(274, 162, 'field1', 'string'),
(275, 162, 'field2', 'string'),
(276, 160, '1', 'integer'),
(277, 160, '2', 'integer'),
(278, 163, '0', 'object'),
(279, 164, 'object1', 'object'),
(280, 165, 'field1', 'string'),
(281, 165, 'field2', 'string'),
(282, 163, '1', 'integer'),
(283, 163, '2', 'integer'),
(284, 166, '0', 'object'),
(285, 167, 'name', 'object'),
(286, 168, 'field1', 'string'),
(287, 168, 'field2', 'string'),
(288, 166, '1', 'integer'),
(289, 166, '2', 'integer'),
(290, 169, '0', 'object'),
(291, 170, 'object1', 'object'),
(292, 171, 'field1', 'string'),
(293, 171, 'field2', 'string'),
(294, 169, '1', 'integer'),
(295, 169, '2', 'integer'),
(296, 172, '0', 'object'),
(297, 173, 'name', 'object'),
(298, 174, 'field1', 'string'),
(299, 174, 'field2', 'string'),
(300, 172, '1', 'integer'),
(301, 172, '2', 'integer'),
(302, 175, '0', 'object'),
(303, 176, 'object1', 'object'),
(304, 177, 'field1', 'string'),
(305, 177, 'field2', 'string'),
(306, 175, '1', 'integer'),
(307, 175, '2', 'integer'),
(308, 178, '0', 'object'),
(309, 179, 'name', 'object'),
(310, 180, 'field1', 'string'),
(311, 180, 'field2', 'string'),
(312, 178, '1', 'integer'),
(313, 178, '2', 'integer'),
(314, 181, '0', 'object'),
(315, 182, 'object1', 'object'),
(316, 183, 'field1', 'string'),
(317, 183, 'field2', 'string'),
(318, 181, '1', 'integer'),
(319, 181, '2', 'integer'),
(320, 184, '0', 'object'),
(321, 185, 'name', 'object'),
(322, 186, 'field1', 'string'),
(323, 186, 'field2', 'string'),
(324, 184, '1', 'integer'),
(325, 184, '2', 'integer'),
(326, 187, '0', 'object'),
(327, 188, 'object1', 'object'),
(328, 189, 'field1', 'string'),
(329, 189, 'field2', 'string'),
(330, 187, '1', 'integer'),
(331, 187, '2', 'integer'),
(332, 190, '0', 'object'),
(333, 191, 'name', 'object'),
(334, 192, 'field1', 'string'),
(335, 192, 'field2', 'string'),
(336, 190, '1', 'integer'),
(337, 190, '2', 'integer'),
(338, 193, '0', 'object'),
(339, 194, 'object1', 'object'),
(340, 195, 'field1', 'string'),
(341, 195, 'field2', 'string'),
(342, 193, '1', 'integer'),
(343, 193, '2', 'integer'),
(344, 196, '0', 'object'),
(345, 197, 'name', 'object'),
(346, 198, 'field1', 'string'),
(347, 198, 'field2', 'string'),
(348, 196, '1', 'integer'),
(349, 196, '2', 'integer'),
(350, 199, '0', 'object'),
(351, 200, 'object1', 'object'),
(352, 201, 'field1', 'string'),
(353, 201, 'field2', 'string'),
(354, 199, '1', 'integer'),
(355, 199, '2', 'integer'),
(356, 202, '0', 'object'),
(357, 203, 'name', 'object'),
(358, 204, 'field1', 'string'),
(359, 204, 'field2', 'string'),
(360, 202, '1', 'integer'),
(361, 202, '2', 'integer'),
(362, 205, '0', 'object'),
(363, 206, 'object1', 'object'),
(364, 207, 'field1', 'string'),
(365, 207, 'field2', 'string'),
(366, 205, '1', 'integer'),
(367, 205, '2', 'integer'),
(368, 208, '0', 'object'),
(369, 209, 'name', 'object'),
(370, 210, 'field1', 'string'),
(371, 210, 'field2', 'string'),
(372, 208, '1', 'integer'),
(373, 208, '2', 'integer'),
(374, 211, '0', 'object'),
(375, 212, 'object1', 'object'),
(376, 213, 'field1', 'string'),
(377, 213, 'field2', 'string'),
(378, 211, '1', 'integer'),
(379, 211, '2', 'integer'),
(380, 214, '0', 'object'),
(381, 215, 'name', 'object'),
(382, 216, 'field1', 'string'),
(383, 216, 'field2', 'string'),
(384, 214, '1', 'integer'),
(385, 214, '2', 'integer'),
(386, 217, '0', 'object'),
(387, 218, 'object1', 'object'),
(388, 219, 'field1', 'string'),
(389, 219, 'field2', 'string'),
(390, 217, '1', 'integer'),
(391, 217, '2', 'integer'),
(392, 220, '0', 'object'),
(393, 221, 'name', 'object'),
(394, 222, 'field1', 'string'),
(395, 222, 'field2', 'string'),
(396, 220, '1', 'integer'),
(397, 220, '2', 'integer'),
(398, 223, '0', 'object'),
(399, 224, 'object1', 'object'),
(400, 225, 'field1', 'string'),
(401, 225, 'field2', 'string'),
(402, 223, '1', 'integer'),
(403, 223, '2', 'integer'),
(404, 226, '0', 'object'),
(405, 227, 'name', 'object'),
(406, 228, 'field1', 'string'),
(407, 228, 'field2', 'string'),
(408, 226, '1', 'integer'),
(409, 226, '2', 'integer'),
(410, 229, '0', 'object'),
(411, 230, 'object1', 'object'),
(412, 231, 'field1', 'string'),
(413, 231, 'field2', 'string'),
(414, 229, '1', 'integer'),
(415, 229, '2', 'integer'),
(416, 232, '0', 'object'),
(417, 233, 'name', 'object'),
(418, 234, 'field1', 'string'),
(419, 234, 'field2', 'string'),
(420, 232, '1', 'integer'),
(421, 232, '2', 'integer'),
(422, 235, '0', 'object'),
(423, 236, 'object1', 'object'),
(424, 237, 'field1', 'string'),
(425, 237, 'field2', 'string'),
(426, 235, '1', 'integer'),
(427, 235, '2', 'integer'),
(428, 238, '0', 'object'),
(429, 239, 'name', 'object'),
(430, 240, 'field1', 'string'),
(431, 240, 'field2', 'string'),
(432, 238, '1', 'integer'),
(433, 238, '2', 'integer'),
(434, 241, '0', 'object'),
(435, 242, 'object1', 'object'),
(436, 243, 'field1', 'string'),
(437, 243, 'field2', 'string'),
(438, 241, '1', 'integer'),
(439, 241, '2', 'integer'),
(440, 244, '0', 'object'),
(441, 245, 'name', 'object'),
(442, 246, 'field1', 'string'),
(443, 246, 'field2', 'string'),
(444, 244, '1', 'integer'),
(445, 244, '2', 'integer'),
(446, 247, '0', 'object'),
(447, 248, 'object1', 'object'),
(448, 249, 'field1', 'string'),
(449, 249, 'field2', 'string'),
(450, 247, '1', 'integer'),
(451, 247, '2', 'integer'),
(452, 250, '0', 'object'),
(453, 251, 'name', 'object'),
(454, 252, 'field1', 'string'),
(455, 252, 'field2', 'string'),
(456, 250, '1', 'integer'),
(457, 250, '2', 'integer'),
(458, 253, '0', 'object'),
(459, 254, 'object1', 'object'),
(460, 255, 'field1', 'string'),
(461, 255, 'field2', 'string'),
(462, 253, '1', 'integer'),
(463, 253, '2', 'integer'),
(464, 256, '0', 'object'),
(465, 257, 'name', 'object'),
(466, 258, 'field1', 'string'),
(467, 258, 'field2', 'string'),
(468, 256, '1', 'integer'),
(469, 256, '2', 'integer'),
(470, 259, '0', 'object'),
(471, 260, 'object1', 'object'),
(472, 261, 'field1', 'string'),
(473, 261, 'field2', 'string'),
(474, 259, '1', 'integer'),
(475, 259, '2', 'integer'),
(476, 262, '0', 'object'),
(477, 263, 'name', 'object'),
(478, 264, 'field1', 'string'),
(479, 264, 'field2', 'string'),
(480, 262, '1', 'integer'),
(481, 262, '2', 'integer'),
(482, 265, '0', 'object'),
(483, 266, 'object1', 'object'),
(484, 267, 'field1', 'string'),
(485, 267, 'field2', 'string'),
(486, 265, '1', 'integer'),
(487, 265, '2', 'integer'),
(488, 268, '0', 'object'),
(489, 269, 'name', 'object'),
(490, 270, 'field1', 'string'),
(491, 270, 'field2', 'string'),
(492, 268, '1', 'integer'),
(493, 268, '2', 'integer'),
(494, 271, '0', 'object'),
(495, 272, 'object1', 'object'),
(496, 273, 'field1', 'string'),
(497, 273, 'field2', 'string'),
(498, 271, '1', 'integer'),
(499, 271, '2', 'integer'),
(500, 274, '0', 'object'),
(501, 275, 'name', 'object'),
(502, 276, 'field1', 'string'),
(503, 276, 'field2', 'string'),
(504, 274, '1', 'integer'),
(505, 274, '2', 'integer'),
(506, 277, '0', 'object'),
(507, 278, 'object1', 'object'),
(508, 279, 'field1', 'string'),
(509, 279, 'field2', 'string'),
(510, 277, '1', 'integer'),
(511, 277, '2', 'integer'),
(512, 280, '0', 'object'),
(513, 281, 'name', 'object'),
(514, 282, 'field1', 'string'),
(515, 282, 'field2', 'string'),
(516, 280, '1', 'integer'),
(517, 280, '2', 'integer'),
(518, 283, '0', 'object'),
(519, 284, 'object1', 'object'),
(520, 285, 'field1', 'string'),
(521, 285, 'field2', 'string'),
(522, 283, '1', 'integer'),
(523, 283, '2', 'integer'),
(524, 286, '0', 'object'),
(525, 287, 'name', 'object'),
(526, 288, 'field1', 'string'),
(527, 288, 'field2', 'string'),
(528, 286, '1', 'integer'),
(529, 286, '2', 'integer'),
(530, 289, '0', 'object'),
(531, 290, 'object1', 'object'),
(532, 291, 'field1', 'string'),
(533, 291, 'field2', 'string'),
(534, 289, '1', 'integer'),
(535, 289, '2', 'integer'),
(536, 292, '0', 'object'),
(537, 293, 'name', 'object'),
(538, 294, 'field1', 'string'),
(539, 294, 'field2', 'string'),
(540, 292, '1', 'integer'),
(541, 292, '2', 'integer'),
(542, 295, '0', 'object'),
(543, 296, 'object1', 'object'),
(544, 297, 'field1', 'string'),
(545, 297, 'field2', 'string'),
(546, 295, '1', 'integer'),
(547, 295, '2', 'integer'),
(548, 298, '0', 'object'),
(549, 299, 'name', 'object'),
(550, 300, 'field1', 'string'),
(551, 300, 'field2', 'string'),
(552, 298, '1', 'integer'),
(553, 298, '2', 'integer'),
(554, 301, '0', 'object'),
(555, 302, 'object1', 'object'),
(556, 303, 'field1', 'string'),
(557, 303, 'field2', 'string'),
(558, 301, '1', 'integer'),
(559, 301, '2', 'integer'),
(560, 304, '0', 'object'),
(561, 305, 'name', 'object'),
(562, 306, 'field1', 'string'),
(563, 306, 'field2', 'string'),
(564, 304, '1', 'integer'),
(565, 304, '2', 'integer'),
(566, 307, '0', 'object'),
(567, 308, 'object1', 'object'),
(568, 309, 'field1', 'string'),
(569, 309, 'field2', 'string'),
(570, 307, '1', 'integer'),
(571, 307, '2', 'integer'),
(572, 310, '0', 'object'),
(573, 311, 'name', 'object'),
(574, 312, 'field1', 'string'),
(575, 312, 'field2', 'string'),
(576, 310, '1', 'integer'),
(577, 310, '2', 'integer'),
(578, 313, '0', 'object'),
(579, 314, 'object1', 'object'),
(580, 315, 'field1', 'string'),
(581, 315, 'field2', 'string'),
(582, 313, '1', 'integer'),
(583, 313, '2', 'integer'),
(584, 316, '0', 'object'),
(585, 317, 'name', 'object'),
(586, 318, 'field1', 'string'),
(587, 318, 'field2', 'string'),
(588, 316, '1', 'integer'),
(589, 316, '2', 'integer'),
(590, 319, '0', 'object'),
(591, 320, 'object1', 'object'),
(592, 321, 'field1', 'string'),
(593, 321, 'field2', 'string'),
(594, 319, '1', 'integer'),
(595, 319, '2', 'integer'),
(596, 322, '0', 'object'),
(597, 323, 'name', 'object'),
(598, 324, 'field1', 'string'),
(599, 324, 'field2', 'string'),
(600, 322, '1', 'integer'),
(601, 322, '2', 'integer'),
(602, 325, '0', 'object'),
(603, 326, 'object1', 'object'),
(604, 327, 'field1', 'string'),
(605, 327, 'field2', 'string'),
(606, 325, '1', 'integer'),
(607, 325, '2', 'integer'),
(608, 328, '0', 'object'),
(609, 329, 'name', 'object'),
(610, 330, 'field1', 'string'),
(611, 330, 'field2', 'string'),
(612, 328, '1', 'integer'),
(613, 328, '2', 'integer'),
(614, 331, '0', 'object'),
(615, 332, 'object1', 'object'),
(616, 333, 'field1', 'string'),
(617, 333, 'field2', 'string'),
(618, 331, '1', 'integer'),
(619, 331, '2', 'integer'),
(620, 334, '0', 'object'),
(621, 335, 'name', 'object'),
(622, 336, 'field1', 'string'),
(623, 336, 'field2', 'string'),
(624, 334, '1', 'integer'),
(625, 334, '2', 'integer'),
(626, 337, '0', 'object'),
(627, 338, 'object1', 'object'),
(628, 339, 'field1', 'string'),
(629, 339, 'field2', 'string'),
(630, 337, '1', 'integer'),
(631, 337, '2', 'integer'),
(632, 340, '0', 'object'),
(633, 341, 'name', 'object'),
(634, 342, 'field1', 'string'),
(635, 342, 'field2', 'string'),
(636, 340, '1', 'integer'),
(637, 340, '2', 'integer'),
(638, 343, '0', 'object'),
(639, 344, 'object1', 'object'),
(640, 345, 'field1', 'string'),
(641, 345, 'field2', 'string'),
(642, 343, '1', 'integer'),
(643, 343, '2', 'integer'),
(644, 346, '0', 'object'),
(645, 347, 'name', 'object'),
(646, 348, 'field1', 'string'),
(647, 348, 'field2', 'string'),
(648, 346, '1', 'integer'),
(649, 346, '2', 'integer'),
(650, 349, '0', 'object'),
(651, 350, 'object1', 'object'),
(652, 351, 'field1', 'string'),
(653, 351, 'field2', 'string'),
(654, 349, '1', 'integer'),
(655, 349, '2', 'integer'),
(656, 352, '0', 'object'),
(657, 353, 'name', 'object'),
(658, 354, 'field1', 'string'),
(659, 354, 'field2', 'string'),
(660, 352, '1', 'integer'),
(661, 352, '2', 'integer'),
(662, 355, '0', 'object'),
(663, 356, 'object1', 'object'),
(664, 357, 'field1', 'string'),
(665, 357, 'field2', 'string'),
(666, 355, '1', 'integer'),
(667, 355, '2', 'integer'),
(668, 358, '0', 'object'),
(669, 359, 'name', 'object'),
(670, 360, 'field1', 'string'),
(671, 360, 'field2', 'string'),
(672, 358, '1', 'integer'),
(673, 358, '2', 'integer'),
(674, 361, '0', 'object'),
(675, 362, 'object1', 'object'),
(676, 363, 'field1', 'string'),
(677, 363, 'field2', 'string'),
(678, 361, '1', 'integer'),
(679, 361, '2', 'integer'),
(680, 364, '0', 'object'),
(681, 365, 'name', 'object'),
(682, 366, 'field1', 'string'),
(683, 366, 'field2', 'string'),
(684, 364, '1', 'integer'),
(685, 364, '2', 'integer'),
(686, 367, '0', 'object'),
(687, 368, 'object1', 'object'),
(688, 369, 'field1', 'string'),
(689, 369, 'field2', 'string'),
(690, 367, '1', 'integer'),
(691, 367, '2', 'integer'),
(692, 370, '0', 'object'),
(693, 371, 'name', 'object'),
(694, 372, 'field1', 'string'),
(695, 372, 'field2', 'string'),
(696, 370, '1', 'integer'),
(697, 370, '2', 'integer'),
(698, 373, '0', 'object'),
(699, 374, 'object1', 'object'),
(700, 375, 'field1', 'string'),
(701, 375, 'field2', 'string'),
(702, 373, '1', 'integer'),
(703, 373, '2', 'integer'),
(704, 376, '0', 'object'),
(705, 377, 'name', 'object'),
(706, 378, 'field1', 'string'),
(707, 378, 'field2', 'string'),
(708, 376, '1', 'integer'),
(709, 376, '2', 'integer'),
(710, 379, '0', 'object'),
(711, 380, 'object1', 'object'),
(712, 381, 'field1', 'string'),
(713, 381, 'field2', 'string'),
(714, 379, '1', 'integer'),
(715, 379, '2', 'integer'),
(716, 382, '0', 'object'),
(717, 383, 'name', 'object'),
(718, 384, 'field1', 'string'),
(719, 384, 'field2', 'string'),
(720, 382, '1', 'integer'),
(721, 382, '2', 'integer'),
(722, 385, '0', 'object'),
(723, 386, 'object1', 'object'),
(724, 387, 'field1', 'string'),
(725, 387, 'field2', 'string'),
(726, 385, '1', 'integer'),
(727, 385, '2', 'integer'),
(728, 388, '0', 'object'),
(729, 389, 'name', 'object'),
(730, 390, 'field1', 'string'),
(731, 390, 'field2', 'string'),
(732, 388, '1', 'integer'),
(733, 388, '2', 'integer'),
(734, 391, '0', 'object'),
(735, 392, 'object1', 'object'),
(736, 393, 'field1', 'string'),
(737, 393, 'field2', 'string'),
(738, 391, '1', 'integer'),
(739, 391, '2', 'integer'),
(740, 394, '0', 'object'),
(741, 395, 'name', 'object'),
(742, 396, 'field1', 'string'),
(743, 396, 'field2', 'string'),
(744, 394, '1', 'integer'),
(745, 394, '2', 'integer'),
(746, 397, '0', 'object'),
(747, 398, 'object1', 'object'),
(748, 399, 'field1', 'string'),
(749, 399, 'field2', 'string'),
(750, 397, '1', 'integer'),
(751, 397, '2', 'integer'),
(752, 400, '0', 'object'),
(753, 401, 'name', 'object'),
(754, 402, 'field1', 'string'),
(755, 402, 'field2', 'string'),
(756, 400, '1', 'integer'),
(757, 400, '2', 'integer'),
(758, 403, '0', 'object'),
(759, 404, 'object1', 'object'),
(760, 405, 'field1', 'string'),
(761, 405, 'field2', 'string'),
(762, 403, '1', 'integer'),
(763, 403, '2', 'integer'),
(764, 406, '0', 'object'),
(765, 407, 'name', 'object'),
(766, 408, 'field1', 'string'),
(767, 408, 'field2', 'string'),
(768, 406, '1', 'integer'),
(769, 406, '2', 'integer'),
(770, 409, '0', 'object'),
(771, 410, 'object1', 'object'),
(772, 411, 'field1', 'string'),
(773, 411, 'field2', 'string'),
(774, 409, '1', 'integer'),
(775, 409, '2', 'integer'),
(776, 412, '0', 'object'),
(777, 413, 'name', 'object'),
(778, 414, 'field1', 'string'),
(779, 414, 'field2', 'string'),
(780, 412, '1', 'integer'),
(781, 412, '2', 'integer'),
(782, 415, '0', 'object'),
(783, 416, 'object1', 'object'),
(784, 417, 'field1', 'string'),
(785, 417, 'field2', 'string'),
(786, 415, '1', 'integer'),
(787, 415, '2', 'integer'),
(788, 418, '0', 'object'),
(789, 419, 'name', 'object'),
(790, 420, 'field1', 'string'),
(791, 420, 'field2', 'string'),
(792, 418, '1', 'integer'),
(793, 418, '2', 'integer'),
(794, 421, '0', 'object'),
(795, 422, 'object1', 'object'),
(796, 423, 'field1', 'string'),
(797, 423, 'field2', 'string'),
(798, 421, '1', 'integer'),
(799, 421, '2', 'integer'),
(800, 424, '0', 'object'),
(801, 425, 'name', 'object'),
(802, 426, 'field1', 'string'),
(803, 426, 'field2', 'string'),
(804, 424, '1', 'integer'),
(805, 424, '2', 'integer'),
(806, 427, '0', 'object'),
(807, 428, 'object1', 'object'),
(808, 429, 'field1', 'string'),
(809, 429, 'field2', 'string'),
(810, 427, '1', 'integer'),
(811, 427, '2', 'integer'),
(812, 430, '0', 'object'),
(813, 431, 'name', 'object'),
(814, 432, 'field1', 'string'),
(815, 432, 'field2', 'string'),
(816, 430, '1', 'integer'),
(817, 430, '2', 'integer'),
(818, 433, '0', 'object'),
(819, 434, 'object1', 'object'),
(820, 435, 'field1', 'string'),
(821, 435, 'field2', 'string'),
(822, 433, '1', 'integer'),
(823, 433, '2', 'integer'),
(824, 436, '0', 'object'),
(825, 437, 'name', 'object'),
(826, 438, 'field1', 'string'),
(827, 438, 'field2', 'string'),
(828, 436, '1', 'integer'),
(829, 436, '2', 'integer'),
(830, 439, '0', 'object'),
(831, 440, 'object1', 'object'),
(832, 441, 'field1', 'string'),
(833, 441, 'field2', 'string'),
(834, 439, '1', 'integer'),
(835, 439, '2', 'integer'),
(836, 442, '0', 'object'),
(837, 443, 'name', 'object'),
(838, 444, 'field1', 'string'),
(839, 444, 'field2', 'string'),
(840, 442, '1', 'integer'),
(841, 442, '2', 'integer'),
(842, 445, '0', 'object'),
(843, 446, 'object1', 'object'),
(844, 447, 'field1', 'string'),
(845, 447, 'field2', 'string'),
(846, 445, '1', 'integer'),
(847, 445, '2', 'integer'),
(848, 448, '0', 'object'),
(849, 449, 'name', 'object'),
(850, 450, 'field1', 'string'),
(851, 450, 'field2', 'string'),
(852, 448, '1', 'integer'),
(853, 448, '2', 'integer'),
(854, 451, '0', 'object'),
(855, 452, 'object1', 'object'),
(856, 453, 'field1', 'string'),
(857, 453, 'field2', 'string'),
(858, 451, '1', 'integer'),
(859, 451, '2', 'integer'),
(860, 454, '0', 'object'),
(861, 455, 'name', 'object'),
(862, 456, 'field1', 'string'),
(863, 456, 'field2', 'string'),
(864, 454, '1', 'integer'),
(865, 454, '2', 'integer'),
(866, 457, '0', 'object'),
(867, 458, 'object1', 'object'),
(868, 459, 'field1', 'string'),
(869, 459, 'field2', 'string'),
(870, 457, '1', 'integer'),
(871, 457, '2', 'integer'),
(872, 460, '0', 'object'),
(873, 461, '$instance', 'object'),
(874, 462, 'field1', 'string'),
(875, 462, 'field2', 'string'),
(876, 460, '1', 'integer'),
(877, 460, '2', 'integer'),
(878, 463, '0', 'object'),
(879, 464, 'object1', 'object'),
(880, 465, 'field1', 'string'),
(881, 465, 'field2', 'string'),
(882, 463, '1', 'integer'),
(883, 463, '2', 'integer'),
(884, 466, '0', 'object'),
(885, 467, '$instance1', 'object'),
(886, 468, 'field1', 'string'),
(887, 468, 'field2', 'string'),
(888, 466, '1', 'integer'),
(889, 466, '2', 'integer'),
(890, 469, '0', 'object'),
(891, 470, 'object1', 'object'),
(892, 471, 'field1', 'string'),
(893, 471, 'field2', 'string'),
(894, 469, '1', 'integer'),
(895, 469, '2', 'integer'),
(896, 472, '0', 'object'),
(897, 473, '$instance1', 'object'),
(898, 474, 'field1', 'string'),
(899, 474, 'field2', 'string'),
(900, 472, '1', 'integer'),
(901, 472, '2', 'integer'),
(902, 475, '0', 'object'),
(903, 476, 'object1', 'object'),
(904, 477, 'field1', 'string'),
(905, 477, 'field2', 'string'),
(906, 475, '1', 'integer'),
(907, 475, '2', 'integer'),
(908, 478, '0', 'object'),
(909, 479, 'instance1', 'object'),
(910, 480, 'field1', 'string'),
(911, 480, 'field2', 'string'),
(912, 478, '1', 'integer'),
(913, 478, '2', 'integer'),
(914, 481, '0', 'object'),
(915, 482, 'object1', 'object'),
(916, 483, 'field1', 'string'),
(917, 483, 'field2', 'string'),
(918, 481, '1', 'integer'),
(919, 481, '2', 'integer'),
(920, 484, '0', 'object'),
(921, 485, 'instance1', 'object'),
(922, 486, 'field1', 'string'),
(923, 486, 'field2', 'string'),
(924, 484, '1', 'integer'),
(925, 484, '2', 'integer'),
(926, 487, '0', 'object'),
(927, 488, 'object1', 'object'),
(928, 489, 'field1', 'string'),
(929, 489, 'field2', 'string'),
(930, 487, '1', 'integer'),
(931, 487, '2', 'integer'),
(932, 490, '0', 'object'),
(933, 491, 'instance2', 'object'),
(934, 492, 'field1', 'string'),
(935, 492, 'field2', 'string'),
(936, 490, '1', 'integer'),
(937, 490, '2', 'integer'),
(938, 493, '0', 'object'),
(939, 494, 'object1', 'object'),
(940, 495, 'field1', 'string'),
(941, 495, 'field2', 'string'),
(942, 493, '1', 'integer'),
(943, 493, '2', 'integer'),
(944, 496, '0', 'object'),
(945, 497, 'object1', 'object'),
(946, 498, 'field1', 'string'),
(947, 498, 'field2', 'string'),
(948, 496, '1', 'integer'),
(949, 496, '2', 'integer'),
(950, 499, 'instance3', 'object'),
(951, 500, 'field1', 'string'),
(952, 500, 'field2', 'string'),
(953, 501, '0', 'object'),
(954, 502, 'object1', 'object'),
(955, 503, 'field1', 'string'),
(956, 503, 'field2', 'string'),
(957, 501, '1', 'integer'),
(958, 501, '2', 'integer'),
(959, 504, 'instance3', 'object'),
(960, 505, 'field1', 'string'),
(961, 505, 'field2', 'string'),
(962, 506, '0', 'object'),
(963, 507, 'object1', 'object'),
(964, 508, 'field1', 'string'),
(965, 508, 'field2', 'string'),
(966, 506, '1', 'integer'),
(967, 506, '2', 'integer'),
(968, 509, 'instance5', 'object'),
(969, 510, 'field1', 'string'),
(970, 510, 'field2', 'string'),
(971, 511, '0', 'object'),
(972, 512, 'object1', 'object'),
(973, 513, 'field1', 'string'),
(974, 513, 'field2', 'string'),
(975, 511, '1', 'integer'),
(976, 511, '2', 'integer'),
(977, 514, 'instance5', 'object'),
(978, 515, 'field1', 'string'),
(979, 515, 'field2', 'string'),
(980, 516, '0', 'object'),
(981, 517, 'object1', 'object'),
(982, 518, 'field1', 'string'),
(983, 518, 'field2', 'string'),
(984, 516, '1', 'integer'),
(985, 516, '2', 'integer'),
(986, 519, 'instance5', 'object'),
(987, 520, 'field1', 'string'),
(988, 520, 'field2', 'string'),
(989, 521, '0', 'object'),
(990, 522, 'object1', 'object'),
(991, 523, 'field1', 'string'),
(992, 523, 'field2', 'string'),
(993, 521, '1', 'integer'),
(994, 521, '2', 'integer'),
(995, 524, 'instance5', 'object'),
(996, 525, 'field1', 'string'),
(997, 525, 'field2', 'string'),
(998, 526, '0', 'object'),
(999, 527, 'object1', 'object'),
(1000, 528, 'field1', 'string'),
(1001, 528, 'field2', 'string'),
(1002, 526, '1', 'integer'),
(1003, 526, '2', 'integer'),
(1004, 529, 'instance5', 'object'),
(1005, 530, 'field1', 'string'),
(1006, 530, 'field2', 'string'),
(1007, 531, '0', 'object'),
(1008, 532, 'object1', 'object'),
(1009, 533, 'field1', 'string'),
(1010, 533, 'field2', 'string'),
(1011, 531, '1', 'integer'),
(1012, 531, '2', 'integer'),
(1013, 534, 'instance5', 'object'),
(1014, 535, 'field1', 'string'),
(1015, 535, 'field2', 'string'),
(1016, 536, '0', 'object'),
(1017, 537, 'object1', 'object'),
(1018, 538, 'field1', 'string'),
(1019, 538, 'field2', 'string'),
(1020, 536, '1', 'integer'),
(1021, 536, '2', 'integer'),
(1022, 539, 'instance5', 'object'),
(1023, 540, 'field1', 'string'),
(1024, 540, 'field2', 'string'),
(1025, 541, '0', 'object'),
(1026, 542, 'object1', 'object'),
(1027, 543, 'field1', 'string'),
(1028, 543, 'field2', 'string'),
(1029, 541, '1', 'integer'),
(1030, 541, '2', 'integer'),
(1031, 544, 'instance5', 'object'),
(1032, 545, 'field1', 'string'),
(1033, 545, 'field2', 'string'),
(1034, 546, '0', 'object'),
(1035, 547, 'object1', 'object'),
(1036, 548, 'field1', 'string'),
(1037, 548, 'field2', 'string'),
(1038, 546, '1', 'integer'),
(1039, 546, '2', 'integer'),
(1040, 549, 'instance5', 'object'),
(1041, 550, 'field1', 'string'),
(1042, 550, 'field2', 'string'),
(1043, 551, '0', 'object'),
(1044, 552, 'object1', 'object'),
(1045, 553, 'field1', 'string'),
(1046, 553, 'field2', 'string'),
(1047, 551, '1', 'integer'),
(1048, 551, '2', 'integer'),
(1049, 554, 'instance5', 'object'),
(1050, 555, 'field1', 'string'),
(1051, 555, 'field2', 'string'),
(1052, 556, '0', 'object'),
(1053, 557, 'object1', 'object'),
(1054, 558, 'field1', 'string'),
(1055, 558, 'field2', 'string'),
(1056, 556, '1', 'integer'),
(1057, 556, '2', 'integer'),
(1058, 559, 'instance5', 'object'),
(1059, 560, 'field1', 'string'),
(1060, 560, 'field2', 'string'),
(1061, 561, '0', 'object'),
(1062, 562, 'object1', 'object'),
(1063, 563, 'field1', 'string'),
(1064, 563, 'field2', 'string'),
(1065, 561, '1', 'integer'),
(1066, 561, '2', 'integer'),
(1067, 564, '0', 'object'),
(1068, 565, 'object1', 'object'),
(1069, 566, 'field1', 'string'),
(1070, 566, 'field2', 'string'),
(1071, 564, '1', 'integer'),
(1072, 564, '2', 'integer'),
(1073, 567, 'obj', 'object'),
(1074, 568, 'f', 'integer'),
(1075, 568, 'f2', 'integer'),
(1076, 569, 'array', 'object'),
(1077, 570, '0', 'string'),
(1078, 570, '1', 'string'),
(1079, 571, 'array', 'object'),
(1080, 572, '0', 'integer'),
(1081, 572, '1', 'integer'),
(1082, 573, 'user', 'string'),
(1083, 573, 'password', 'string'),
(1084, 574, 'user', 'string'),
(1085, 574, 'password', 'string'),
(1086, 575, 'array', 'object'),
(1087, 576, '0', 'object'),
(1088, 577, 'prova', 'object'),
(1089, 578, '0', 'integer'),
(1090, 578, '1', 'integer'),
(1091, 578, '2', 'integer'),
(1092, 576, '1', 'integer'),
(1093, 579, '0', 'object'),
(1094, 580, 'array', 'object'),
(1095, 581, '0', 'object'),
(1096, 582, 'prova', 'object'),
(1097, 583, '0', 'integer'),
(1098, 583, '1', 'integer'),
(1099, 583, '2', 'integer'),
(1100, 581, '1', 'integer');

-- --------------------------------------------------------

--
-- Struttura della tabella `instances`
--

CREATE TABLE `instances` (
  `id` int(11) NOT NULL,
  `idObject` int(11) NOT NULL,
  `idUser` int(11) NOT NULL
) ENGINE=InnoDB DEFAULT CHARSET=latin1 ROW_FORMAT=COMPACT;

--
-- Dump dei dati per la tabella `instances`
--

INSERT INTO `instances` (`id`, `idObject`, `idUser`) VALUES
(1, 13, 1),
(2, 14, 2),
(3, 15, 3),
(4, 16, 4),
(5, 17, 5),
(6, 18, 6),
(7, 19, 7),
(8, 20, 8),
(10, 22, 10),
(11, 23, 11),
(12, 24, 12),
(13, 25, 13),
(14, 26, 15),
(15, 27, 16),
(16, 28, 17),
(18, 30, 20),
(19, 31, 24),
(20, 32, 24),
(21, 33, 24),
(22, 34, 25),
(23, 35, 25),
(24, 36, 25),
(25, 37, 26),
(26, 38, 26),
(27, 39, 26),
(28, 40, 27),
(29, 41, 27),
(30, 42, 27),
(31, 43, 28),
(32, 44, 28),
(33, 45, 28),
(34, 46, 29),
(35, 47, 29),
(36, 48, 29),
(37, 49, 30),
(38, 50, 30),
(39, 51, 30),
(41, 53, 2),
(42, 54, 2),
(43, 55, 2),
(44, 56, 2),
(45, 57, 2),
(46, 58, 2),
(47, 59, 2),
(48, 60, 2),
(49, 61, 31),
(50, 62, 31),
(51, 63, 31),
(52, 64, 32),
(53, 65, 32),
(54, 66, 32),
(55, 67, 33),
(56, 68, 33),
(57, 69, 33),
(58, 70, 34),
(59, 71, 34),
(60, 72, 34),
(61, 73, 35),
(62, 74, 35),
(63, 75, 35),
(64, 76, 36),
(65, 77, 36),
(66, 78, 36),
(67, 79, 37),
(68, 80, 37),
(69, 81, 37),
(70, 82, 38),
(71, 83, 38),
(72, 84, 38),
(73, 85, 39),
(74, 86, 39),
(75, 87, 39),
(76, 88, 40),
(77, 89, 40),
(78, 90, 40),
(79, 91, 41),
(80, 92, 41),
(81, 93, 41),
(82, 94, 42),
(83, 95, 42),
(84, 96, 42),
(85, 97, 43),
(86, 98, 43),
(87, 99, 43),
(88, 100, 44),
(89, 101, 44),
(90, 102, 44),
(91, 103, 45),
(92, 104, 45),
(93, 105, 45),
(94, 106, 46),
(95, 107, 46),
(96, 108, 46),
(97, 109, 47),
(98, 110, 47),
(99, 111, 47),
(100, 112, 48),
(101, 113, 48),
(102, 114, 48),
(103, 115, 49),
(104, 116, 49),
(105, 117, 49),
(106, 118, 50),
(107, 119, 50),
(108, 120, 50),
(109, 121, 51),
(110, 122, 51),
(111, 123, 51),
(112, 124, 52),
(113, 125, 52),
(114, 126, 52),
(115, 127, 53),
(116, 128, 53),
(117, 129, 53),
(118, 130, 54),
(119, 131, 54),
(120, 132, 54),
(121, 133, 55),
(122, 134, 55),
(123, 135, 55),
(124, 136, 56),
(125, 137, 56),
(126, 138, 56),
(127, 139, 57),
(128, 140, 57),
(129, 141, 57),
(130, 142, 58),
(131, 143, 58),
(132, 144, 58),
(133, 145, 59),
(134, 146, 59),
(135, 147, 59),
(136, 148, 60),
(137, 149, 60),
(138, 150, 60),
(139, 151, 61),
(140, 152, 61),
(141, 153, 61),
(142, 154, 62),
(143, 155, 62),
(144, 156, 62),
(145, 157, 63),
(146, 158, 63),
(147, 159, 63),
(148, 160, 64),
(149, 161, 64),
(150, 162, 64),
(151, 163, 65),
(152, 164, 65),
(153, 165, 65),
(154, 166, 66),
(155, 167, 66),
(156, 168, 66),
(157, 169, 67),
(158, 170, 67),
(159, 171, 67),
(160, 172, 68),
(161, 173, 68),
(162, 174, 68),
(163, 175, 69),
(164, 176, 69),
(165, 177, 69),
(166, 178, 70),
(167, 179, 70),
(168, 180, 70),
(169, 181, 71),
(170, 182, 71),
(171, 183, 71),
(172, 184, 72),
(173, 185, 72),
(174, 186, 72),
(175, 187, 73),
(176, 188, 73),
(177, 189, 73),
(178, 190, 74),
(179, 191, 74),
(180, 192, 74),
(181, 193, 75),
(182, 194, 75),
(183, 195, 75),
(184, 196, 76),
(185, 197, 76),
(186, 198, 76),
(187, 199, 77),
(188, 200, 77),
(189, 201, 77),
(190, 202, 78),
(191, 203, 78),
(192, 204, 78),
(193, 205, 79),
(194, 206, 79),
(195, 207, 79),
(196, 208, 80),
(197, 209, 80),
(198, 210, 80),
(199, 211, 81),
(200, 212, 81),
(201, 213, 81),
(202, 214, 82),
(203, 215, 82),
(204, 216, 82),
(205, 217, 83),
(206, 218, 83),
(207, 219, 83),
(208, 220, 84),
(209, 221, 84),
(210, 222, 84),
(211, 223, 85),
(212, 224, 85),
(213, 225, 85),
(214, 226, 86),
(215, 227, 86),
(216, 228, 86),
(217, 229, 87),
(218, 230, 87),
(219, 231, 87),
(220, 232, 88),
(221, 233, 88),
(222, 234, 88),
(223, 235, 89),
(224, 236, 89),
(225, 237, 89),
(226, 238, 90),
(227, 239, 90),
(228, 240, 90),
(229, 241, 91),
(230, 242, 91),
(231, 243, 91),
(232, 244, 92),
(233, 245, 92),
(234, 246, 92),
(235, 247, 93),
(236, 248, 93),
(237, 249, 93),
(238, 250, 94),
(239, 251, 94),
(240, 252, 94),
(241, 253, 95),
(242, 254, 95),
(243, 255, 95),
(244, 256, 96),
(245, 257, 96),
(246, 258, 96),
(247, 259, 97),
(248, 260, 97),
(249, 261, 97),
(250, 262, 98),
(251, 263, 98),
(252, 264, 98),
(253, 265, 99),
(254, 266, 99),
(255, 267, 99),
(256, 268, 100),
(257, 269, 100),
(258, 270, 100),
(259, 271, 101),
(260, 272, 101),
(261, 273, 101),
(262, 274, 102),
(263, 275, 102),
(264, 276, 102),
(265, 277, 103),
(266, 278, 103),
(267, 279, 103),
(268, 280, 104),
(269, 281, 104),
(270, 282, 104),
(271, 283, 105),
(272, 284, 105),
(273, 285, 105),
(274, 286, 106),
(275, 287, 106),
(276, 288, 106),
(277, 289, 107),
(278, 290, 107),
(279, 291, 107),
(280, 292, 108),
(281, 293, 108),
(282, 294, 108),
(283, 295, 109),
(284, 296, 109),
(285, 297, 109),
(286, 298, 110),
(287, 299, 110),
(288, 300, 110),
(289, 301, 111),
(290, 302, 111),
(291, 303, 111),
(292, 304, 112),
(293, 305, 112),
(294, 306, 112),
(295, 307, 113),
(296, 308, 113),
(297, 309, 113),
(298, 310, 114),
(299, 311, 114),
(300, 312, 114),
(301, 313, 115),
(302, 314, 115),
(303, 315, 115),
(304, 316, 116),
(305, 317, 116),
(306, 318, 116),
(307, 319, 117),
(308, 320, 117),
(309, 321, 117),
(310, 322, 118),
(311, 323, 118),
(312, 324, 118),
(313, 325, 119),
(314, 326, 119),
(315, 327, 119),
(316, 328, 120),
(317, 329, 120),
(318, 330, 120),
(319, 331, 121),
(320, 332, 121),
(321, 333, 121),
(322, 334, 122),
(323, 335, 122),
(324, 336, 122),
(325, 337, 123),
(326, 338, 123),
(327, 339, 123),
(328, 340, 124),
(329, 341, 124),
(330, 342, 124),
(331, 343, 125),
(332, 344, 125),
(333, 345, 125),
(334, 346, 126),
(335, 347, 126),
(336, 348, 126),
(337, 349, 127),
(338, 350, 127),
(339, 351, 127),
(340, 352, 128),
(341, 353, 128),
(342, 354, 128),
(343, 355, 129),
(344, 356, 129),
(345, 357, 129),
(346, 358, 130),
(347, 359, 130),
(348, 360, 130),
(349, 361, 131),
(350, 362, 131),
(351, 363, 131),
(352, 364, 132),
(353, 365, 132),
(354, 366, 132),
(355, 367, 133),
(356, 368, 133),
(357, 369, 133),
(358, 370, 134),
(359, 371, 134),
(360, 372, 134),
(361, 373, 135),
(362, 374, 135),
(363, 375, 135),
(364, 376, 136),
(365, 377, 136),
(366, 378, 136),
(367, 379, 137),
(368, 380, 137),
(369, 381, 137),
(370, 382, 138),
(371, 383, 138),
(372, 384, 138),
(373, 385, 139),
(374, 386, 139),
(375, 387, 139),
(376, 388, 140),
(377, 389, 140),
(378, 390, 140),
(379, 391, 141),
(380, 392, 141),
(381, 393, 141),
(382, 394, 142),
(383, 395, 142),
(384, 396, 142),
(385, 397, 143),
(386, 398, 143),
(387, 399, 143),
(388, 400, 144),
(389, 401, 144),
(390, 402, 144),
(391, 403, 145),
(392, 404, 145),
(393, 405, 145),
(394, 406, 146),
(395, 407, 146),
(396, 408, 146),
(397, 409, 147),
(398, 410, 147),
(399, 411, 147),
(400, 412, 148),
(401, 413, 148),
(402, 414, 148),
(403, 415, 149),
(404, 416, 149),
(405, 417, 149),
(406, 418, 150),
(407, 419, 150),
(408, 420, 150),
(409, 421, 151),
(410, 422, 151),
(411, 423, 151),
(412, 424, 152),
(413, 425, 152),
(414, 426, 152),
(415, 427, 153),
(416, 428, 153),
(417, 429, 153),
(418, 430, 154),
(419, 431, 154),
(420, 432, 154),
(421, 433, 155),
(422, 434, 155),
(423, 435, 155),
(424, 436, 156),
(425, 437, 156),
(426, 438, 156),
(427, 439, 157),
(428, 440, 157),
(429, 441, 157),
(430, 442, 158),
(431, 443, 158),
(432, 444, 158),
(433, 445, 159),
(434, 446, 159),
(435, 447, 159),
(436, 448, 160),
(437, 449, 160),
(438, 450, 160),
(439, 451, 161),
(440, 452, 161),
(441, 453, 161),
(442, 454, 162),
(443, 455, 162),
(444, 456, 162),
(445, 457, 163),
(446, 458, 163),
(447, 459, 163),
(448, 460, 164),
(449, 461, 164),
(450, 462, 164),
(451, 463, 165),
(452, 464, 165),
(453, 465, 165),
(454, 466, 166),
(455, 467, 166),
(456, 468, 166),
(457, 469, 167),
(458, 470, 167),
(459, 471, 167),
(460, 472, 168),
(461, 473, 168),
(462, 474, 168),
(463, 475, 169),
(464, 476, 169),
(465, 477, 169),
(466, 478, 170),
(467, 479, 170),
(468, 480, 170),
(469, 481, 171),
(470, 482, 171),
(471, 483, 171),
(472, 484, 172),
(473, 485, 172),
(474, 486, 172),
(475, 487, 173),
(476, 488, 173),
(477, 489, 173),
(478, 490, 174),
(479, 491, 174),
(480, 492, 174),
(481, 493, 175),
(482, 494, 175),
(483, 495, 175),
(484, 496, 177),
(485, 497, 177),
(486, 498, 177),
(487, 499, 178),
(488, 500, 178),
(489, 501, 179),
(490, 502, 179),
(491, 503, 179),
(492, 504, 180),
(493, 505, 180),
(494, 506, 181),
(495, 507, 181),
(496, 508, 181),
(497, 509, 182),
(498, 510, 182),
(499, 511, 183),
(500, 512, 183),
(501, 513, 183),
(502, 514, 184),
(503, 515, 184),
(504, 516, 185),
(505, 517, 185),
(506, 518, 185),
(507, 519, 186),
(508, 520, 186),
(509, 521, 187),
(510, 522, 187),
(511, 523, 187),
(512, 524, 188),
(513, 525, 188),
(514, 526, 189),
(515, 527, 189),
(516, 528, 189),
(517, 529, 190),
(518, 530, 190),
(519, 531, 191),
(520, 532, 191),
(521, 533, 191),
(522, 534, 192),
(523, 535, 192),
(524, 536, 193),
(525, 537, 193),
(526, 538, 193),
(527, 539, 194),
(528, 540, 194),
(529, 541, 195),
(530, 542, 195),
(531, 543, 195),
(532, 544, 196),
(533, 545, 196),
(534, 546, 197),
(535, 547, 197),
(536, 548, 197),
(537, 549, 198),
(538, 550, 198),
(539, 551, 199),
(540, 552, 199),
(541, 553, 199),
(542, 554, 200),
(543, 555, 200),
(544, 556, 201),
(545, 557, 201),
(546, 558, 201),
(547, 559, 202),
(548, 560, 202),
(549, 561, 203),
(550, 562, 203),
(551, 563, 203),
(552, 564, 204),
(553, 565, 204),
(554, 566, 204),
(555, 567, 2),
(556, 568, 2),
(557, 569, 2),
(558, 570, 2),
(559, 571, 2),
(560, 572, 2),
(561, 573, 2),
(562, 574, 2),
(563, 575, 2),
(564, 576, 2),
(565, 577, 2),
(566, 578, 2),
(567, 579, 2),
(568, 580, 2),
(569, 581, 2),
(570, 582, 2),
(571, 583, 2);

-- --------------------------------------------------------

--
-- Struttura della tabella `objects`
--

CREATE TABLE `objects` (
  `id` int(11) NOT NULL,
  `name` varchar(20) DEFAULT NULL
) ENGINE=InnoDB DEFAULT CHARSET=latin1 ROW_FORMAT=COMPACT;

--
-- Dump dei dati per la tabella `objects`
--

INSERT INTO `objects` (`id`, `name`) VALUES
(1, 'PROVA'),
(3, 'HELLO'),
(4, 'Con Field'),
(5, 'PROVA'),
(7, 'HELLO'),
(8, 'Con Field'),
(9, 'PROVA'),
(11, 'HELLO'),
(12, 'Con Field'),
(13, NULL),
(14, NULL),
(15, NULL),
(16, NULL),
(17, NULL),
(18, NULL),
(19, NULL),
(20, NULL),
(22, NULL),
(23, NULL),
(24, NULL),
(25, NULL),
(26, NULL),
(27, NULL),
(28, NULL),
(29, NULL),
(30, NULL),
(31, NULL),
(32, '0'),
(33, 'object1'),
(34, NULL),
(35, '0'),
(36, 'object1'),
(37, NULL),
(38, '0'),
(39, 'object1'),
(40, NULL),
(41, '0'),
(42, 'object1'),
(43, NULL),
(44, '0'),
(45, 'object1'),
(46, NULL),
(47, '0'),
(48, 'object1'),
(49, NULL),
(50, '0'),
(51, 'object1'),
(52, NULL),
(53, '0'),
(54, 'object1'),
(55, NULL),
(56, '0'),
(57, 'object1'),
(58, NULL),
(59, '0'),
(60, 'object1'),
(61, NULL),
(62, '0'),
(63, 'object1'),
(64, NULL),
(65, '0'),
(66, 'name'),
(67, NULL),
(68, '0'),
(69, 'object1'),
(70, NULL),
(71, '0'),
(72, 'name'),
(73, NULL),
(74, '0'),
(75, 'object1'),
(76, NULL),
(77, '0'),
(78, 'name'),
(79, NULL),
(80, '0'),
(81, 'object1'),
(82, NULL),
(83, '0'),
(84, 'name'),
(85, NULL),
(86, '0'),
(87, 'object1'),
(88, NULL),
(89, '0'),
(90, 'name'),
(91, NULL),
(92, '0'),
(93, 'object1'),
(94, NULL),
(95, '0'),
(96, 'name'),
(97, NULL),
(98, '0'),
(99, 'object1'),
(100, NULL),
(101, '0'),
(102, 'name'),
(103, NULL),
(104, '0'),
(105, 'object1'),
(106, NULL),
(107, '0'),
(108, 'name'),
(109, NULL),
(110, '0'),
(111, 'object1'),
(112, NULL),
(113, '0'),
(114, 'name'),
(115, NULL),
(116, '0'),
(117, 'object1'),
(118, NULL),
(119, '0'),
(120, 'name'),
(121, NULL),
(122, '0'),
(123, 'object1'),
(124, NULL),
(125, '0'),
(126, 'name'),
(127, NULL),
(128, '0'),
(129, 'object1'),
(130, NULL),
(131, '0'),
(132, 'name'),
(133, NULL),
(134, '0'),
(135, 'object1'),
(136, NULL),
(137, '0'),
(138, 'name'),
(139, NULL),
(140, '0'),
(141, 'object1'),
(142, NULL),
(143, '0'),
(144, 'name'),
(145, NULL),
(146, '0'),
(147, 'object1'),
(148, NULL),
(149, '0'),
(150, 'name'),
(151, NULL),
(152, '0'),
(153, 'object1'),
(154, NULL),
(155, '0'),
(156, 'name'),
(157, NULL),
(158, '0'),
(159, 'object1'),
(160, NULL),
(161, '0'),
(162, 'name'),
(163, NULL),
(164, '0'),
(165, 'object1'),
(166, NULL),
(167, '0'),
(168, 'name'),
(169, NULL),
(170, '0'),
(171, 'object1'),
(172, NULL),
(173, '0'),
(174, 'name'),
(175, NULL),
(176, '0'),
(177, 'object1'),
(178, NULL),
(179, '0'),
(180, 'name'),
(181, NULL),
(182, '0'),
(183, 'object1'),
(184, NULL),
(185, '0'),
(186, 'name'),
(187, NULL),
(188, '0'),
(189, 'object1'),
(190, NULL),
(191, '0'),
(192, 'name'),
(193, NULL),
(194, '0'),
(195, 'object1'),
(196, NULL),
(197, '0'),
(198, 'name'),
(199, NULL),
(200, '0'),
(201, 'object1'),
(202, NULL),
(203, '0'),
(204, 'name'),
(205, NULL),
(206, '0'),
(207, 'object1'),
(208, NULL),
(209, '0'),
(210, 'name'),
(211, NULL),
(212, '0'),
(213, 'object1'),
(214, NULL),
(215, '0'),
(216, 'name'),
(217, NULL),
(218, '0'),
(219, 'object1'),
(220, NULL),
(221, '0'),
(222, 'name'),
(223, NULL),
(224, '0'),
(225, 'object1'),
(226, NULL),
(227, '0'),
(228, 'name'),
(229, NULL),
(230, '0'),
(231, 'object1'),
(232, NULL),
(233, '0'),
(234, 'name'),
(235, NULL),
(236, '0'),
(237, 'object1'),
(238, NULL),
(239, '0'),
(240, 'name'),
(241, NULL),
(242, '0'),
(243, 'object1'),
(244, NULL),
(245, '0'),
(246, 'name'),
(247, NULL),
(248, '0'),
(249, 'object1'),
(250, NULL),
(251, '0'),
(252, 'name'),
(253, NULL),
(254, '0'),
(255, 'object1'),
(256, NULL),
(257, '0'),
(258, 'name'),
(259, NULL),
(260, '0'),
(261, 'object1'),
(262, NULL),
(263, '0'),
(264, 'name'),
(265, NULL),
(266, '0'),
(267, 'object1'),
(268, NULL),
(269, '0'),
(270, 'name'),
(271, NULL),
(272, '0'),
(273, 'object1'),
(274, NULL),
(275, '0'),
(276, 'name'),
(277, NULL),
(278, '0'),
(279, 'object1'),
(280, NULL),
(281, '0'),
(282, 'name'),
(283, NULL),
(284, '0'),
(285, 'object1'),
(286, NULL),
(287, '0'),
(288, 'name'),
(289, NULL),
(290, '0'),
(291, 'object1'),
(292, NULL),
(293, '0'),
(294, 'name'),
(295, NULL),
(296, '0'),
(297, 'object1'),
(298, NULL),
(299, '0'),
(300, 'name'),
(301, NULL),
(302, '0'),
(303, 'object1'),
(304, NULL),
(305, '0'),
(306, 'name'),
(307, NULL),
(308, '0'),
(309, 'object1'),
(310, NULL),
(311, '0'),
(312, 'name'),
(313, NULL),
(314, '0'),
(315, 'object1'),
(316, NULL),
(317, '0'),
(318, 'name'),
(319, NULL),
(320, '0'),
(321, 'object1'),
(322, NULL),
(323, '0'),
(324, 'name'),
(325, NULL),
(326, '0'),
(327, 'object1'),
(328, NULL),
(329, '0'),
(330, 'name'),
(331, NULL),
(332, '0'),
(333, 'object1'),
(334, NULL),
(335, '0'),
(336, 'name'),
(337, NULL),
(338, '0'),
(339, 'object1'),
(340, NULL),
(341, '0'),
(342, 'name'),
(343, NULL),
(344, '0'),
(345, 'object1'),
(346, NULL),
(347, '0'),
(348, 'name'),
(349, NULL),
(350, '0'),
(351, 'object1'),
(352, NULL),
(353, '0'),
(354, 'name'),
(355, NULL),
(356, '0'),
(357, 'object1'),
(358, NULL),
(359, '0'),
(360, 'name'),
(361, NULL),
(362, '0'),
(363, 'object1'),
(364, NULL),
(365, '0'),
(366, 'name'),
(367, NULL),
(368, '0'),
(369, 'object1'),
(370, NULL),
(371, '0'),
(372, 'name'),
(373, NULL),
(374, '0'),
(375, 'object1'),
(376, NULL),
(377, '0'),
(378, 'name'),
(379, NULL),
(380, '0'),
(381, 'object1'),
(382, NULL),
(383, '0'),
(384, 'name'),
(385, NULL),
(386, '0'),
(387, 'object1'),
(388, NULL),
(389, '0'),
(390, 'name'),
(391, NULL),
(392, '0'),
(393, 'object1'),
(394, NULL),
(395, '0'),
(396, 'name'),
(397, NULL),
(398, '0'),
(399, 'object1'),
(400, NULL),
(401, '0'),
(402, 'name'),
(403, NULL),
(404, '0'),
(405, 'object1'),
(406, NULL),
(407, '0'),
(408, 'name'),
(409, NULL),
(410, '0'),
(411, 'object1'),
(412, NULL),
(413, '0'),
(414, 'name'),
(415, NULL),
(416, '0'),
(417, 'object1'),
(418, NULL),
(419, '0'),
(420, 'name'),
(421, NULL),
(422, '0'),
(423, 'object1'),
(424, NULL),
(425, '0'),
(426, 'name'),
(427, NULL),
(428, '0'),
(429, 'object1'),
(430, NULL),
(431, '0'),
(432, 'name'),
(433, NULL),
(434, '0'),
(435, 'object1'),
(436, NULL),
(437, '0'),
(438, 'name'),
(439, NULL),
(440, '0'),
(441, 'object1'),
(442, NULL),
(443, '0'),
(444, 'name'),
(445, NULL),
(446, '0'),
(447, 'object1'),
(448, NULL),
(449, '0'),
(450, 'name'),
(451, NULL),
(452, '0'),
(453, 'object1'),
(454, NULL),
(455, '0'),
(456, 'name'),
(457, NULL),
(458, '0'),
(459, 'object1'),
(460, NULL),
(461, '0'),
(462, '$instance'),
(463, NULL),
(464, '0'),
(465, 'object1'),
(466, NULL),
(467, '0'),
(468, '$instance1'),
(469, NULL),
(470, '0'),
(471, 'object1'),
(472, NULL),
(473, '0'),
(474, '$instance1'),
(475, NULL),
(476, '0'),
(477, 'object1'),
(478, NULL),
(479, '0'),
(480, 'instance1'),
(481, NULL),
(482, '0'),
(483, 'object1'),
(484, NULL),
(485, '0'),
(486, 'instance1'),
(487, NULL),
(488, '0'),
(489, 'object1'),
(490, NULL),
(491, '0'),
(492, 'instance2'),
(493, NULL),
(494, '0'),
(495, 'object1'),
(496, NULL),
(497, '0'),
(498, 'object1'),
(499, NULL),
(500, 'instance3'),
(501, NULL),
(502, '0'),
(503, 'object1'),
(504, NULL),
(505, 'instance3'),
(506, NULL),
(507, '0'),
(508, 'object1'),
(509, NULL),
(510, 'instance5'),
(511, NULL),
(512, '0'),
(513, 'object1'),
(514, NULL),
(515, 'instance5'),
(516, NULL),
(517, '0'),
(518, 'object1'),
(519, NULL),
(520, 'instance5'),
(521, NULL),
(522, '0'),
(523, 'object1'),
(524, NULL),
(525, 'instance5'),
(526, NULL),
(527, '0'),
(528, 'object1'),
(529, NULL),
(530, 'instance5'),
(531, NULL),
(532, '0'),
(533, 'object1'),
(534, NULL),
(535, 'instance5'),
(536, NULL),
(537, '0'),
(538, 'object1'),
(539, NULL),
(540, 'instance5'),
(541, NULL),
(542, '0'),
(543, 'object1'),
(544, NULL),
(545, 'instance5'),
(546, NULL),
(547, '0'),
(548, 'object1'),
(549, NULL),
(550, 'instance5'),
(551, NULL),
(552, '0'),
(553, 'object1'),
(554, NULL),
(555, 'instance5'),
(556, NULL),
(557, '0'),
(558, 'object1'),
(559, NULL),
(560, 'instance5'),
(561, NULL),
(562, '0'),
(563, 'object1'),
(564, NULL),
(565, '0'),
(566, 'object1'),
(567, NULL),
(568, 'obj'),
(569, NULL),
(570, 'array'),
(571, NULL),
(572, 'array'),
(573, NULL),
(574, NULL),
(575, NULL),
(576, 'array'),
(577, '0'),
(578, 'prova'),
(579, NULL),
(580, '0'),
(581, 'array'),
(582, '0'),
(583, 'prova');

-- --------------------------------------------------------

--
-- Struttura della tabella `users`
--

CREATE TABLE `users` (
  `id` int(11) NOT NULL,
  `name` varchar(20) NOT NULL,
  `password` varchar(20) NOT NULL
) ENGINE=InnoDB DEFAULT CHARSET=latin1;

--
-- Dump dei dati per la tabella `users`
--

INSERT INTO `users` (`id`, `name`, `password`) VALUES
(1, 'ASDASD', 'b'),
(2, 'a', 'b'),
(3, 'a', 'b'),
(4, 'a', 'b'),
(5, 'a', 'b'),
(6, 'a', 'b'),
(7, 'a', 'b'),
(8, 'a', 'b'),
(10, 'a', 'b'),
(11, 'a', 'b'),
(12, 'a', 'b'),
(13, 'a', 'b'),
(14, 'a', 'b'),
(15, 'a', 'b'),
(16, 'a', 'b'),
(17, 'a', 'b'),
(19, 'a', 'b'),
(20, 'a', 'b'),
(21, 'a', 'b'),
(22, 'james', '123'),
(23, 'james', '123'),
(24, 'james', '123'),
(25, 'james', '123'),
(26, 'james', '123'),
(27, 'james', '123'),
(28, 'james', '123'),
(29, 'james', '123'),
(30, 'james', '123'),
(31, 'james', '123'),
(32, 'james', '123'),
(33, 'james', '123'),
(34, 'james', '123'),
(35, 'james', '123'),
(36, 'james', '123'),
(37, 'james', '123'),
(38, 'james', '123'),
(39, 'james', '123'),
(40, 'james', '123'),
(41, 'james', '123'),
(42, 'james', '123'),
(43, 'james', '123'),
(44, 'james', '123'),
(45, 'james', '123'),
(46, 'james', '123'),
(47, 'james', '123'),
(48, 'james', '123'),
(49, 'james', '123'),
(50, 'james', '123'),
(51, 'james', '123'),
(52, 'james', '123'),
(53, 'james', '123'),
(54, 'james', '123'),
(55, 'james', '123'),
(56, 'james', '123'),
(57, 'james', '123'),
(58, 'james', '123'),
(59, 'james', '123'),
(60, 'james', '123'),
(61, 'james', '123'),
(62, 'james', '123'),
(63, 'james', '123'),
(64, 'james', '123'),
(65, 'james', '123'),
(66, 'james', '123'),
(67, 'james', '123'),
(68, 'james', '123'),
(69, 'james', '123'),
(70, 'james', '123'),
(71, 'james', '123'),
(72, 'james', '123'),
(73, 'james', '123'),
(74, 'james', '123'),
(75, 'james', '123'),
(76, 'james', '123'),
(77, 'james', '123'),
(78, 'james', '123'),
(79, 'james', '123'),
(80, 'james', '123'),
(81, 'james', '123'),
(82, 'james', '123'),
(83, 'james', '123'),
(84, 'james', '123'),
(85, 'james', '123'),
(86, 'james', '123'),
(87, 'james', '123'),
(88, 'james', '123'),
(89, 'james', '123'),
(90, 'james', '123'),
(91, 'james', '123'),
(92, 'james', '123'),
(93, 'james', '123'),
(94, 'james', '123'),
(95, 'james', '123'),
(96, 'james', '123'),
(97, 'james', '123'),
(98, 'james', '123'),
(99, 'james', '123'),
(100, 'james', '123'),
(101, 'james', '123'),
(102, 'james', '123'),
(103, 'james', '123'),
(104, 'james', '123'),
(105, 'james', '123'),
(106, 'james', '123'),
(107, 'james', '123'),
(108, 'james', '123'),
(109, 'james', '123'),
(110, 'james', '123'),
(111, 'james', '123'),
(112, 'james', '123'),
(113, 'james', '123'),
(114, 'james', '123'),
(115, 'james', '123'),
(116, 'james', '123'),
(117, 'james', '123'),
(118, 'james', '123'),
(119, 'james', '123'),
(120, 'james', '123'),
(121, 'james', '123'),
(122, 'james', '123'),
(123, 'james', '123'),
(124, 'james', '123'),
(125, 'james', '123'),
(126, 'james', '123'),
(127, 'james', '123'),
(128, 'james', '123'),
(129, 'james', '123'),
(130, 'james', '123'),
(131, 'james', '123'),
(132, 'james', '123'),
(133, 'james', '123'),
(134, 'james', '123'),
(135, 'james', '123'),
(136, 'james', '123'),
(137, 'james', '123'),
(138, 'james', '123'),
(139, 'james', '123'),
(140, 'james', '123'),
(141, 'james', '123'),
(142, 'james', '123'),
(143, 'james', '123'),
(144, 'james', '123'),
(145, 'james', '123'),
(146, 'james', '123'),
(147, 'james', '123'),
(148, 'james', '123'),
(149, 'james', '123'),
(150, 'james', '123'),
(151, 'james', '123'),
(152, 'james', '123'),
(153, 'james', '123'),
(154, 'james', '123'),
(155, 'james', '123'),
(156, 'james', '123'),
(157, 'james', '123'),
(158, 'james', '123'),
(159, 'james', '123'),
(160, 'james', '123'),
(161, 'james', '123'),
(162, 'james', '123'),
(163, 'james', '123'),
(164, 'james', '123'),
(165, 'james', '123'),
(166, 'james', '123'),
(167, 'james', '123'),
(168, 'james', '123'),
(169, 'james', '123'),
(170, 'james', '123'),
(171, 'james', '123'),
(172, 'james', '123'),
(173, 'james', '123'),
(174, 'james', '123'),
(175, 'james', '123'),
(176, 'james', '123'),
(177, 'james', '123'),
(178, 'james', '123'),
(179, 'james', '123'),
(180, 'james', '123'),
(181, 'james', '123'),
(182, 'james', '123'),
(183, 'james', '123'),
(184, 'james', '123'),
(185, 'james', '123'),
(186, 'james', '123'),
(187, 'james', '123'),
(188, 'james', '123'),
(189, 'james', '123'),
(190, 'james', '123'),
(191, 'james', '123'),
(192, 'james', '123'),
(193, 'james', '123'),
(194, 'james', '123'),
(195, 'james', '123'),
(196, 'james', '123'),
(197, 'james', '123'),
(198, 'james', '123'),
(199, 'james', '123'),
(200, 'james', '123'),
(201, 'james', '123'),
(202, 'james', '123'),
(203, 'james', '123'),
(204, 'james', '123');

-- --------------------------------------------------------

--
-- Struttura della tabella `valves`
--

CREATE TABLE `valves` (
  `id` int(11) NOT NULL,
  `idInstance` int(11) NOT NULL,
  `idField` int(11) NOT NULL,
  `value` longtext,
  `valueInstance` int(11) DEFAULT NULL
) ENGINE=InnoDB DEFAULT CHARSET=latin1;

--
-- Dump dei dati per la tabella `valves`
--

INSERT INTO `valves` (`id`, `idInstance`, `idField`, `value`, `valueInstance`) VALUES
(1, 10, 5, 'v1', NULL),
(2, 11, 6, 'v1', NULL),
(3, 12, 7, 'v1', NULL),
(4, 13, 8, 'v1', NULL),
(5, 14, 9, 'v1', NULL),
(6, 15, 10, 'v1', NULL),
(7, 16, 11, 'v1', NULL),
(8, 17, 12, 'v1', NULL),
(9, 18, 13, 'v1', NULL),
(10, 19, 14, NULL, 20),
(11, 20, 15, NULL, 21),
(12, 21, 16, '8', NULL),
(13, 21, 17, '2', NULL),
(14, 19, 18, '1', NULL),
(15, 19, 19, '2', NULL),
(16, 22, 20, NULL, 23),
(17, 23, 21, NULL, 24),
(18, 24, 22, '1', NULL),
(19, 24, 23, '2', NULL),
(20, 22, 24, '1', NULL),
(21, 22, 25, '3', NULL),
(22, 25, 26, NULL, 26),
(23, 26, 27, NULL, 27),
(24, 27, 28, '1', NULL),
(25, 27, 29, '2', NULL),
(26, 25, 30, '1', NULL),
(27, 25, 31, '3', NULL),
(28, 28, 32, NULL, 29),
(29, 29, 33, NULL, 30),
(30, 30, 34, '1', NULL),
(31, 30, 35, '2', NULL),
(32, 28, 36, '1', NULL),
(33, 28, 37, '3', NULL),
(34, 31, 38, NULL, 32),
(35, 32, 39, NULL, 33),
(36, 33, 40, '2', NULL),
(37, 33, 41, '3', NULL),
(38, 31, 42, '2', NULL),
(39, 31, 43, '1', NULL),
(40, 34, 44, NULL, 35),
(41, 35, 45, NULL, 36),
(42, 36, 46, '2', NULL),
(43, 36, 47, '3', NULL),
(44, 34, 48, '2', NULL),
(45, 34, 49, '1', NULL),
(46, 37, 50, NULL, 38),
(47, 38, 51, NULL, 39),
(48, 39, 52, '2', NULL),
(49, 39, 53, '3', NULL),
(50, 37, 54, '2', NULL),
(51, 37, 55, '1', NULL),
(52, 40, 56, NULL, 41),
(53, 41, 57, NULL, 42),
(54, 42, 58, 'asd', NULL),
(55, 42, 59, 'asd', NULL),
(56, 40, 60, '2', NULL),
(57, 40, 61, '2', NULL),
(58, 43, 62, NULL, 44),
(59, 44, 63, NULL, 45),
(60, 45, 64, '1', NULL),
(61, 45, 65, '2', NULL),
(62, 43, 66, '1', NULL),
(63, 43, 67, '2', NULL),
(64, 46, 68, NULL, 47),
(65, 47, 69, NULL, 48),
(66, 48, 70, '1', NULL),
(67, 48, 71, '2', NULL),
(68, 46, 72, '1', NULL),
(69, 46, 73, '2', NULL),
(70, 49, 74, NULL, 50),
(71, 50, 75, NULL, 51),
(72, 51, 76, '2', NULL),
(73, 51, 77, '3', NULL),
(74, 49, 78, '2', NULL),
(75, 49, 79, '1', NULL),
(76, 52, 80, NULL, 53),
(77, 53, 81, NULL, 54),
(78, 54, 82, '1', NULL),
(79, 54, 83, '2', NULL),
(80, 52, 84, '1', NULL),
(81, 52, 85, '3', NULL),
(82, 55, 86, NULL, 56),
(83, 56, 87, NULL, 57),
(84, 57, 88, '2', NULL),
(85, 57, 89, '3', NULL),
(86, 55, 90, '2', NULL),
(87, 55, 91, '1', NULL),
(88, 58, 92, NULL, 59),
(89, 59, 93, NULL, 60),
(90, 60, 94, '1', NULL),
(91, 60, 95, '2', NULL),
(92, 58, 96, '1', NULL),
(93, 58, 97, '3', NULL),
(94, 61, 98, NULL, 62),
(95, 62, 99, NULL, 63),
(96, 63, 100, '2', NULL),
(97, 63, 101, '3', NULL),
(98, 61, 102, '2', NULL),
(99, 61, 103, '1', NULL),
(100, 64, 104, NULL, 65),
(101, 65, 105, NULL, 66),
(102, 66, 106, '1', NULL),
(103, 66, 107, '2', NULL),
(104, 64, 108, '1', NULL),
(105, 64, 109, '3', NULL),
(106, 67, 110, NULL, 68),
(107, 68, 111, NULL, 69),
(108, 69, 112, '2', NULL),
(109, 69, 113, '3', NULL),
(110, 67, 114, '2', NULL),
(111, 67, 115, '1', NULL),
(112, 70, 116, NULL, 71),
(113, 71, 117, NULL, 72),
(114, 72, 118, '1', NULL),
(115, 72, 119, '2', NULL),
(116, 70, 120, '1', NULL),
(117, 70, 121, '3', NULL),
(118, 73, 122, NULL, 74),
(119, 74, 123, NULL, 75),
(120, 75, 124, '2', NULL),
(121, 75, 125, '3', NULL),
(122, 73, 126, '2', NULL),
(123, 73, 127, '1', NULL),
(124, 76, 128, NULL, 77),
(125, 77, 129, NULL, 78),
(126, 78, 130, '1', NULL),
(127, 78, 131, '2', NULL),
(128, 76, 132, '1', NULL),
(129, 76, 133, '3', NULL),
(130, 79, 134, NULL, 80),
(131, 80, 135, NULL, 81),
(132, 81, 136, '2', NULL),
(133, 81, 137, '3', NULL),
(134, 79, 138, '2', NULL),
(135, 79, 139, '1', NULL),
(136, 82, 140, NULL, 83),
(137, 83, 141, NULL, 84),
(138, 84, 142, '1', NULL),
(139, 84, 143, '2', NULL),
(140, 82, 144, '1', NULL),
(141, 82, 145, '3', NULL),
(142, 85, 146, NULL, 86),
(143, 86, 147, NULL, 87),
(144, 87, 148, '2', NULL),
(145, 87, 149, '3', NULL),
(146, 85, 150, '2', NULL),
(147, 85, 151, '1', NULL),
(148, 88, 152, NULL, 89),
(149, 89, 153, NULL, 90),
(150, 90, 154, '1', NULL),
(151, 90, 155, '2', NULL),
(152, 88, 156, '1', NULL),
(153, 88, 157, '3', NULL),
(154, 91, 158, NULL, 92),
(155, 92, 159, NULL, 93),
(156, 93, 160, '2', NULL),
(157, 93, 161, '3', NULL),
(158, 91, 162, '2', NULL),
(159, 91, 163, '1', NULL),
(160, 94, 164, NULL, 95),
(161, 95, 165, NULL, 96),
(162, 96, 166, '1', NULL),
(163, 96, 167, '2', NULL),
(164, 94, 168, '1', NULL),
(165, 94, 169, '3', NULL),
(166, 97, 170, NULL, 98),
(167, 98, 171, NULL, 99),
(168, 99, 172, '2', NULL),
(169, 99, 173, '3', NULL),
(170, 97, 174, '2', NULL),
(171, 97, 175, '1', NULL),
(172, 100, 176, NULL, 101),
(173, 101, 177, NULL, 102),
(174, 102, 178, '1', NULL),
(175, 102, 179, '2', NULL),
(176, 100, 180, '1', NULL),
(177, 100, 181, '3', NULL),
(178, 103, 182, NULL, 104),
(179, 104, 183, NULL, 105),
(180, 105, 184, '2', NULL),
(181, 105, 185, '3', NULL),
(182, 103, 186, '2', NULL),
(183, 103, 187, '1', NULL),
(184, 106, 188, NULL, 107),
(185, 107, 189, NULL, 108),
(186, 108, 190, '1', NULL),
(187, 108, 191, '2', NULL),
(188, 106, 192, '1', NULL),
(189, 106, 193, '3', NULL),
(190, 109, 194, NULL, 110),
(191, 110, 195, NULL, 111),
(192, 111, 196, '2', NULL),
(193, 111, 197, '3', NULL),
(194, 109, 198, '2', NULL),
(195, 109, 199, '1', NULL),
(196, 112, 200, NULL, 113),
(197, 113, 201, NULL, 114),
(198, 114, 202, '1', NULL),
(199, 114, 203, '2', NULL),
(200, 112, 204, '1', NULL),
(201, 112, 205, '3', NULL),
(202, 115, 206, NULL, 116),
(203, 116, 207, NULL, 117),
(204, 117, 208, '2', NULL),
(205, 117, 209, '3', NULL),
(206, 115, 210, '2', NULL),
(207, 115, 211, '1', NULL),
(208, 118, 212, NULL, 119),
(209, 119, 213, NULL, 120),
(210, 120, 214, '1', NULL),
(211, 120, 215, '2', NULL),
(212, 118, 216, '1', NULL),
(213, 118, 217, '3', NULL),
(214, 121, 218, NULL, 122),
(215, 122, 219, NULL, 123),
(216, 123, 220, '2', NULL),
(217, 123, 221, '3', NULL),
(218, 121, 222, '2', NULL),
(219, 121, 223, '1', NULL),
(220, 124, 224, NULL, 125),
(221, 125, 225, NULL, 126),
(222, 126, 226, '1', NULL),
(223, 126, 227, '2', NULL),
(224, 124, 228, '1', NULL),
(225, 124, 229, '3', NULL),
(226, 127, 230, NULL, 128),
(227, 128, 231, NULL, 129),
(228, 129, 232, '2', NULL),
(229, 129, 233, '3', NULL),
(230, 127, 234, '2', NULL),
(231, 127, 235, '1', NULL),
(232, 130, 236, NULL, 131),
(233, 131, 237, NULL, 132),
(234, 132, 238, '1', NULL),
(235, 132, 239, '2', NULL),
(236, 130, 240, '1', NULL),
(237, 130, 241, '3', NULL),
(238, 133, 242, NULL, 134),
(239, 134, 243, NULL, 135),
(240, 135, 244, '2', NULL),
(241, 135, 245, '3', NULL),
(242, 133, 246, '2', NULL),
(243, 133, 247, '1', NULL),
(244, 136, 248, NULL, 137),
(245, 137, 249, NULL, 138),
(246, 138, 250, '1', NULL),
(247, 138, 251, '2', NULL),
(248, 136, 252, '1', NULL),
(249, 136, 253, '3', NULL),
(250, 139, 254, NULL, 140),
(251, 140, 255, NULL, 141),
(252, 141, 256, '2', NULL),
(253, 141, 257, '3', NULL),
(254, 139, 258, '2', NULL),
(255, 139, 259, '1', NULL),
(256, 142, 260, NULL, 143),
(257, 143, 261, NULL, 144),
(258, 144, 262, '1', NULL),
(259, 144, 263, '2', NULL),
(260, 142, 264, '1', NULL),
(261, 142, 265, '3', NULL),
(262, 145, 266, NULL, 146),
(263, 146, 267, NULL, 147),
(264, 147, 268, '2', NULL),
(265, 147, 269, '3', NULL),
(266, 145, 270, '2', NULL),
(267, 145, 271, '1', NULL),
(268, 148, 272, NULL, 149),
(269, 149, 273, NULL, 150),
(270, 150, 274, '1', NULL),
(271, 150, 275, '2', NULL),
(272, 148, 276, '1', NULL),
(273, 148, 277, '3', NULL),
(274, 151, 278, NULL, 152),
(275, 152, 279, NULL, 153),
(276, 153, 280, '2', NULL),
(277, 153, 281, '3', NULL),
(278, 151, 282, '2', NULL),
(279, 151, 283, '1', NULL),
(280, 154, 284, NULL, 155),
(281, 155, 285, NULL, 156),
(282, 156, 286, '1', NULL),
(283, 156, 287, '2', NULL),
(284, 154, 288, '1', NULL),
(285, 154, 289, '3', NULL),
(286, 157, 290, NULL, 158),
(287, 158, 291, NULL, 159),
(288, 159, 292, '2', NULL),
(289, 159, 293, '3', NULL),
(290, 157, 294, '2', NULL),
(291, 157, 295, '1', NULL),
(292, 160, 296, NULL, 161),
(293, 161, 297, NULL, 162),
(294, 162, 298, '1', NULL),
(295, 162, 299, '2', NULL),
(296, 160, 300, '1', NULL),
(297, 160, 301, '3', NULL),
(298, 163, 302, NULL, 164),
(299, 164, 303, NULL, 165),
(300, 165, 304, '2', NULL),
(301, 165, 305, '3', NULL),
(302, 163, 306, '2', NULL),
(303, 163, 307, '1', NULL),
(304, 166, 308, NULL, 167),
(305, 167, 309, NULL, 168),
(306, 168, 310, '1', NULL),
(307, 168, 311, '2', NULL),
(308, 166, 312, '1', NULL),
(309, 166, 313, '3', NULL),
(310, 169, 314, NULL, 170),
(311, 170, 315, NULL, 171),
(312, 171, 316, '2', NULL),
(313, 171, 317, '3', NULL),
(314, 169, 318, '2', NULL),
(315, 169, 319, '1', NULL),
(316, 172, 320, NULL, 173),
(317, 173, 321, NULL, 174),
(318, 174, 322, '1', NULL),
(319, 174, 323, '2', NULL),
(320, 172, 324, '1', NULL),
(321, 172, 325, '3', NULL),
(322, 175, 326, NULL, 176),
(323, 176, 327, NULL, 177),
(324, 177, 328, '2', NULL),
(325, 177, 329, '3', NULL),
(326, 175, 330, '2', NULL),
(327, 175, 331, '1', NULL),
(328, 178, 332, NULL, 179),
(329, 179, 333, NULL, 180),
(330, 180, 334, '1', NULL),
(331, 180, 335, '2', NULL),
(332, 178, 336, '1', NULL),
(333, 178, 337, '3', NULL),
(334, 181, 338, NULL, 182),
(335, 182, 339, NULL, 183),
(336, 183, 340, '2', NULL),
(337, 183, 341, '3', NULL),
(338, 181, 342, '2', NULL),
(339, 181, 343, '1', NULL),
(340, 184, 344, NULL, 185),
(341, 185, 345, NULL, 186),
(342, 186, 346, '1', NULL),
(343, 186, 347, '2', NULL),
(344, 184, 348, '1', NULL),
(345, 184, 349, '3', NULL),
(346, 187, 350, NULL, 188),
(347, 188, 351, NULL, 189),
(348, 189, 352, '2', NULL),
(349, 189, 353, '3', NULL),
(350, 187, 354, '2', NULL),
(351, 187, 355, '1', NULL),
(352, 190, 356, NULL, 191),
(353, 191, 357, NULL, 192),
(354, 192, 358, '1', NULL),
(355, 192, 359, '2', NULL),
(356, 190, 360, '1', NULL),
(357, 190, 361, '3', NULL),
(358, 193, 362, NULL, 194),
(359, 194, 363, NULL, 195),
(360, 195, 364, '2', NULL),
(361, 195, 365, '3', NULL),
(362, 193, 366, '2', NULL),
(363, 193, 367, '1', NULL),
(364, 196, 368, NULL, 197),
(365, 197, 369, NULL, 198),
(366, 198, 370, '1', NULL),
(367, 198, 371, '2', NULL),
(368, 196, 372, '1', NULL),
(369, 196, 373, '3', NULL),
(370, 199, 374, NULL, 200),
(371, 200, 375, NULL, 201),
(372, 201, 376, '2', NULL),
(373, 201, 377, '3', NULL),
(374, 199, 378, '2', NULL),
(375, 199, 379, '1', NULL),
(376, 202, 380, NULL, 203),
(377, 203, 381, NULL, 204),
(378, 204, 382, '1', NULL),
(379, 204, 383, '2', NULL),
(380, 202, 384, '1', NULL),
(381, 202, 385, '3', NULL),
(382, 205, 386, NULL, 206),
(383, 206, 387, NULL, 207),
(384, 207, 388, '2', NULL),
(385, 207, 389, '3', NULL),
(386, 205, 390, '2', NULL),
(387, 205, 391, '1', NULL),
(388, 208, 392, NULL, 209),
(389, 209, 393, NULL, 210),
(390, 210, 394, '1', NULL),
(391, 210, 395, '2', NULL),
(392, 208, 396, '1', NULL),
(393, 208, 397, '3', NULL),
(394, 211, 398, NULL, 212),
(395, 212, 399, NULL, 213),
(396, 213, 400, '2', NULL),
(397, 213, 401, '3', NULL),
(398, 211, 402, '2', NULL),
(399, 211, 403, '1', NULL),
(400, 214, 404, NULL, 215),
(401, 215, 405, NULL, 216),
(402, 216, 406, '1', NULL),
(403, 216, 407, '2', NULL),
(404, 214, 408, '1', NULL),
(405, 214, 409, '3', NULL),
(406, 217, 410, NULL, 218),
(407, 218, 411, NULL, 219),
(408, 219, 412, '2', NULL),
(409, 219, 413, '3', NULL),
(410, 217, 414, '2', NULL),
(411, 217, 415, '1', NULL),
(412, 220, 416, NULL, 221),
(413, 221, 417, NULL, 222),
(414, 222, 418, '1', NULL),
(415, 222, 419, '2', NULL),
(416, 220, 420, '1', NULL),
(417, 220, 421, '3', NULL),
(418, 223, 422, NULL, 224),
(419, 224, 423, NULL, 225),
(420, 225, 424, '2', NULL),
(421, 225, 425, '3', NULL),
(422, 223, 426, '2', NULL),
(423, 223, 427, '1', NULL),
(424, 226, 428, NULL, 227),
(425, 227, 429, NULL, 228),
(426, 228, 430, '1', NULL),
(427, 228, 431, '2', NULL),
(428, 226, 432, '1', NULL),
(429, 226, 433, '3', NULL),
(430, 229, 434, NULL, 230),
(431, 230, 435, NULL, 231),
(432, 231, 436, '2', NULL),
(433, 231, 437, '3', NULL),
(434, 229, 438, '2', NULL),
(435, 229, 439, '1', NULL),
(436, 232, 440, NULL, 233),
(437, 233, 441, NULL, 234),
(438, 234, 442, '1', NULL),
(439, 234, 443, '2', NULL),
(440, 232, 444, '1', NULL),
(441, 232, 445, '3', NULL),
(442, 235, 446, NULL, 236),
(443, 236, 447, NULL, 237),
(444, 237, 448, '2', NULL),
(445, 237, 449, '3', NULL),
(446, 235, 450, '2', NULL),
(447, 235, 451, '1', NULL),
(448, 238, 452, NULL, 239),
(449, 239, 453, NULL, 240),
(450, 240, 454, '1', NULL),
(451, 240, 455, '2', NULL),
(452, 238, 456, '1', NULL),
(453, 238, 457, '3', NULL),
(454, 241, 458, NULL, 242),
(455, 242, 459, NULL, 243),
(456, 243, 460, '2', NULL),
(457, 243, 461, '3', NULL),
(458, 241, 462, '2', NULL),
(459, 241, 463, '1', NULL),
(460, 244, 464, NULL, 245),
(461, 245, 465, NULL, 246),
(462, 246, 466, '1', NULL),
(463, 246, 467, '2', NULL),
(464, 244, 468, '1', NULL),
(465, 244, 469, '3', NULL),
(466, 247, 470, NULL, 248),
(467, 248, 471, NULL, 249),
(468, 249, 472, '2', NULL),
(469, 249, 473, '3', NULL),
(470, 247, 474, '2', NULL),
(471, 247, 475, '1', NULL),
(472, 250, 476, NULL, 251),
(473, 251, 477, NULL, 252),
(474, 252, 478, '1', NULL),
(475, 252, 479, '2', NULL),
(476, 250, 480, '1', NULL),
(477, 250, 481, '3', NULL),
(478, 253, 482, NULL, 254),
(479, 254, 483, NULL, 255),
(480, 255, 484, '2', NULL),
(481, 255, 485, '3', NULL),
(482, 253, 486, '2', NULL),
(483, 253, 487, '1', NULL),
(484, 256, 488, NULL, 257),
(485, 257, 489, NULL, 258),
(486, 258, 490, '1', NULL),
(487, 258, 491, '2', NULL),
(488, 256, 492, '1', NULL),
(489, 256, 493, '3', NULL),
(490, 259, 494, NULL, 260),
(491, 260, 495, NULL, 261),
(492, 261, 496, '2', NULL),
(493, 261, 497, '3', NULL),
(494, 259, 498, '2', NULL),
(495, 259, 499, '1', NULL),
(496, 262, 500, NULL, 263),
(497, 263, 501, NULL, 264),
(498, 264, 502, '1', NULL),
(499, 264, 503, '2', NULL),
(500, 262, 504, '1', NULL),
(501, 262, 505, '3', NULL),
(502, 265, 506, NULL, 266),
(503, 266, 507, NULL, 267),
(504, 267, 508, '2', NULL),
(505, 267, 509, '3', NULL),
(506, 265, 510, '2', NULL),
(507, 265, 511, '1', NULL),
(508, 268, 512, NULL, 269),
(509, 269, 513, NULL, 270),
(510, 270, 514, '1', NULL),
(511, 270, 515, '2', NULL),
(512, 268, 516, '1', NULL),
(513, 268, 517, '3', NULL),
(514, 271, 518, NULL, 272),
(515, 272, 519, NULL, 273),
(516, 273, 520, '2', NULL),
(517, 273, 521, '3', NULL),
(518, 271, 522, '2', NULL),
(519, 271, 523, '1', NULL),
(520, 274, 524, NULL, 275),
(521, 275, 525, NULL, 276),
(522, 276, 526, '1', NULL),
(523, 276, 527, '2', NULL),
(524, 274, 528, '1', NULL),
(525, 274, 529, '3', NULL),
(526, 277, 530, NULL, 278),
(527, 278, 531, NULL, 279),
(528, 279, 532, '2', NULL),
(529, 279, 533, '3', NULL),
(530, 277, 534, '2', NULL),
(531, 277, 535, '1', NULL),
(532, 280, 536, NULL, 281),
(533, 281, 537, NULL, 282),
(534, 282, 538, '1', NULL),
(535, 282, 539, '2', NULL),
(536, 280, 540, '1', NULL),
(537, 280, 541, '3', NULL),
(538, 283, 542, NULL, 284),
(539, 284, 543, NULL, 285),
(540, 285, 544, '2', NULL),
(541, 285, 545, '3', NULL),
(542, 283, 546, '2', NULL),
(543, 283, 547, '1', NULL),
(544, 286, 548, NULL, 287),
(545, 287, 549, NULL, 288),
(546, 288, 550, '1', NULL),
(547, 288, 551, '2', NULL),
(548, 286, 552, '1', NULL),
(549, 286, 553, '3', NULL),
(550, 289, 554, NULL, 290),
(551, 290, 555, NULL, 291),
(552, 291, 556, '2', NULL),
(553, 291, 557, '3', NULL),
(554, 289, 558, '2', NULL),
(555, 289, 559, '1', NULL),
(556, 292, 560, NULL, 293),
(557, 293, 561, NULL, 294),
(558, 294, 562, '1', NULL),
(559, 294, 563, '2', NULL),
(560, 292, 564, '1', NULL),
(561, 292, 565, '3', NULL),
(562, 295, 566, NULL, 296),
(563, 296, 567, NULL, 297),
(564, 297, 568, '2', NULL),
(565, 297, 569, '3', NULL),
(566, 295, 570, '2', NULL),
(567, 295, 571, '1', NULL),
(568, 298, 572, NULL, 299),
(569, 299, 573, NULL, 300),
(570, 300, 574, '1', NULL),
(571, 300, 575, '2', NULL),
(572, 298, 576, '1', NULL),
(573, 298, 577, '3', NULL),
(574, 301, 578, NULL, 302),
(575, 302, 579, NULL, 303),
(576, 303, 580, '2', NULL),
(577, 303, 581, '3', NULL),
(578, 301, 582, '2', NULL),
(579, 301, 583, '1', NULL),
(580, 304, 584, NULL, 305),
(581, 305, 585, NULL, 306),
(582, 306, 586, '1', NULL),
(583, 306, 587, '2', NULL),
(584, 304, 588, '1', NULL),
(585, 304, 589, '3', NULL),
(586, 307, 590, NULL, 308),
(587, 308, 591, NULL, 309),
(588, 309, 592, '2', NULL),
(589, 309, 593, '3', NULL),
(590, 307, 594, '2', NULL),
(591, 307, 595, '1', NULL),
(592, 310, 596, NULL, 311),
(593, 311, 597, NULL, 312),
(594, 312, 598, '1', NULL),
(595, 312, 599, '2', NULL),
(596, 310, 600, '1', NULL),
(597, 310, 601, '3', NULL),
(598, 313, 602, NULL, 314),
(599, 314, 603, NULL, 315),
(600, 315, 604, '2', NULL),
(601, 315, 605, '3', NULL),
(602, 313, 606, '2', NULL),
(603, 313, 607, '1', NULL),
(604, 316, 608, NULL, 317),
(605, 317, 609, NULL, 318),
(606, 318, 610, '1', NULL),
(607, 318, 611, '2', NULL),
(608, 316, 612, '1', NULL),
(609, 316, 613, '3', NULL),
(610, 319, 614, NULL, 320),
(611, 320, 615, NULL, 321),
(612, 321, 616, '2', NULL),
(613, 321, 617, '3', NULL),
(614, 319, 618, '2', NULL),
(615, 319, 619, '1', NULL),
(616, 322, 620, NULL, 323),
(617, 323, 621, NULL, 324),
(618, 324, 622, '1', NULL),
(619, 324, 623, '2', NULL),
(620, 322, 624, '1', NULL),
(621, 322, 625, '3', NULL),
(622, 325, 626, NULL, 326),
(623, 326, 627, NULL, 327),
(624, 327, 628, '2', NULL),
(625, 327, 629, '3', NULL),
(626, 325, 630, '2', NULL),
(627, 325, 631, '1', NULL),
(628, 328, 632, NULL, 329),
(629, 329, 633, NULL, 330),
(630, 330, 634, '1', NULL),
(631, 330, 635, '2', NULL),
(632, 328, 636, '1', NULL),
(633, 328, 637, '3', NULL),
(634, 331, 638, NULL, 332),
(635, 332, 639, NULL, 333),
(636, 333, 640, '2', NULL),
(637, 333, 641, '3', NULL),
(638, 331, 642, '2', NULL),
(639, 331, 643, '1', NULL),
(640, 334, 644, NULL, 335),
(641, 335, 645, NULL, 336),
(642, 336, 646, '1', NULL),
(643, 336, 647, '2', NULL),
(644, 334, 648, '1', NULL),
(645, 334, 649, '3', NULL),
(646, 337, 650, NULL, 338),
(647, 338, 651, NULL, 339),
(648, 339, 652, '2', NULL),
(649, 339, 653, '3', NULL),
(650, 337, 654, '2', NULL),
(651, 337, 655, '1', NULL),
(652, 340, 656, NULL, 341),
(653, 341, 657, NULL, 342),
(654, 342, 658, '1', NULL),
(655, 342, 659, '2', NULL),
(656, 340, 660, '1', NULL),
(657, 340, 661, '3', NULL),
(658, 343, 662, NULL, 344),
(659, 344, 663, NULL, 345),
(660, 345, 664, '2', NULL),
(661, 345, 665, '3', NULL),
(662, 343, 666, '2', NULL),
(663, 343, 667, '1', NULL),
(664, 346, 668, NULL, 347),
(665, 347, 669, NULL, 348),
(666, 348, 670, '1', NULL),
(667, 348, 671, '2', NULL),
(668, 346, 672, '1', NULL),
(669, 346, 673, '3', NULL),
(670, 349, 674, NULL, 350),
(671, 350, 675, NULL, 351),
(672, 351, 676, '2', NULL),
(673, 351, 677, '3', NULL),
(674, 349, 678, '2', NULL),
(675, 349, 679, '1', NULL),
(676, 352, 680, NULL, 353),
(677, 353, 681, NULL, 354),
(678, 354, 682, '1', NULL),
(679, 354, 683, '2', NULL),
(680, 352, 684, '1', NULL),
(681, 352, 685, '3', NULL),
(682, 355, 686, NULL, 356),
(683, 356, 687, NULL, 357),
(684, 357, 688, '2', NULL),
(685, 357, 689, '3', NULL),
(686, 355, 690, '2', NULL),
(687, 355, 691, '1', NULL),
(688, 358, 692, NULL, 359),
(689, 359, 693, NULL, 360),
(690, 360, 694, '1', NULL),
(691, 360, 695, '2', NULL),
(692, 358, 696, '1', NULL),
(693, 358, 697, '3', NULL),
(694, 361, 698, NULL, 362),
(695, 362, 699, NULL, 363),
(696, 363, 700, '2', NULL),
(697, 363, 701, '3', NULL),
(698, 361, 702, '2', NULL),
(699, 361, 703, '1', NULL),
(700, 364, 704, NULL, 365),
(701, 365, 705, NULL, 366),
(702, 366, 706, '1', NULL),
(703, 366, 707, '2', NULL),
(704, 364, 708, '1', NULL),
(705, 364, 709, '3', NULL),
(706, 367, 710, NULL, 368),
(707, 368, 711, NULL, 369),
(708, 369, 712, '2', NULL),
(709, 369, 713, '3', NULL),
(710, 367, 714, '2', NULL),
(711, 367, 715, '1', NULL),
(712, 370, 716, NULL, 371),
(713, 371, 717, NULL, 372),
(714, 372, 718, '1', NULL),
(715, 372, 719, '2', NULL),
(716, 370, 720, '1', NULL),
(717, 370, 721, '3', NULL),
(718, 373, 722, NULL, 374),
(719, 374, 723, NULL, 375),
(720, 375, 724, '2', NULL),
(721, 375, 725, '3', NULL),
(722, 373, 726, '2', NULL),
(723, 373, 727, '1', NULL),
(724, 376, 728, NULL, 377),
(725, 377, 729, NULL, 378),
(726, 378, 730, '1', NULL),
(727, 378, 731, '2', NULL),
(728, 376, 732, '1', NULL),
(729, 376, 733, '3', NULL),
(730, 379, 734, NULL, 380),
(731, 380, 735, NULL, 381),
(732, 381, 736, '2', NULL),
(733, 381, 737, '3', NULL),
(734, 379, 738, '2', NULL),
(735, 379, 739, '1', NULL),
(736, 382, 740, NULL, 383),
(737, 383, 741, NULL, 384),
(738, 384, 742, '1', NULL),
(739, 384, 743, '2', NULL),
(740, 382, 744, '1', NULL),
(741, 382, 745, '3', NULL),
(742, 385, 746, NULL, 386),
(743, 386, 747, NULL, 387),
(744, 387, 748, '2', NULL),
(745, 387, 749, '3', NULL),
(746, 385, 750, '2', NULL),
(747, 385, 751, '1', NULL),
(748, 388, 752, NULL, 389),
(749, 389, 753, NULL, 390),
(750, 390, 754, '1', NULL),
(751, 390, 755, '2', NULL),
(752, 388, 756, '1', NULL),
(753, 388, 757, '3', NULL),
(754, 391, 758, NULL, 392),
(755, 392, 759, NULL, 393),
(756, 393, 760, '2', NULL),
(757, 393, 761, '3', NULL),
(758, 391, 762, '2', NULL),
(759, 391, 763, '1', NULL),
(760, 394, 764, NULL, 395),
(761, 395, 765, NULL, 396),
(762, 396, 766, '1', NULL),
(763, 396, 767, '2', NULL),
(764, 394, 768, '1', NULL),
(765, 394, 769, '3', NULL),
(766, 397, 770, NULL, 398),
(767, 398, 771, NULL, 399),
(768, 399, 772, '2', NULL),
(769, 399, 773, '3', NULL),
(770, 397, 774, '2', NULL),
(771, 397, 775, '1', NULL),
(772, 400, 776, NULL, 401),
(773, 401, 777, NULL, 402),
(774, 402, 778, '1', NULL),
(775, 402, 779, '2', NULL),
(776, 400, 780, '1', NULL),
(777, 400, 781, '3', NULL),
(778, 403, 782, NULL, 404),
(779, 404, 783, NULL, 405),
(780, 405, 784, '2', NULL),
(781, 405, 785, '3', NULL),
(782, 403, 786, '2', NULL),
(783, 403, 787, '1', NULL),
(784, 406, 788, NULL, 407),
(785, 407, 789, NULL, 408),
(786, 408, 790, '1', NULL),
(787, 408, 791, '2', NULL),
(788, 406, 792, '1', NULL),
(789, 406, 793, '3', NULL),
(790, 409, 794, NULL, 410),
(791, 410, 795, NULL, 411),
(792, 411, 796, '2', NULL),
(793, 411, 797, '3', NULL),
(794, 409, 798, '2', NULL),
(795, 409, 799, '1', NULL),
(796, 412, 800, NULL, 413),
(797, 413, 801, NULL, 414),
(798, 414, 802, '1', NULL),
(799, 414, 803, '2', NULL),
(800, 412, 804, '1', NULL),
(801, 412, 805, '3', NULL),
(802, 415, 806, NULL, 416),
(803, 416, 807, NULL, 417),
(804, 417, 808, '2', NULL),
(805, 417, 809, '3', NULL),
(806, 415, 810, '2', NULL),
(807, 415, 811, '1', NULL),
(808, 418, 812, NULL, 419),
(809, 419, 813, NULL, 420),
(810, 420, 814, '1', NULL),
(811, 420, 815, '2', NULL),
(812, 418, 816, '1', NULL),
(813, 418, 817, '3', NULL),
(814, 421, 818, NULL, 422),
(815, 422, 819, NULL, 423),
(816, 423, 820, '2', NULL),
(817, 423, 821, '3', NULL),
(818, 421, 822, '2', NULL),
(819, 421, 823, '1', NULL),
(820, 424, 824, NULL, 425),
(821, 425, 825, NULL, 426),
(822, 426, 826, '1', NULL),
(823, 426, 827, '2', NULL),
(824, 424, 828, '1', NULL),
(825, 424, 829, '3', NULL),
(826, 427, 830, NULL, 428),
(827, 428, 831, NULL, 429),
(828, 429, 832, '2', NULL),
(829, 429, 833, '3', NULL),
(830, 427, 834, '2', NULL),
(831, 427, 835, '1', NULL),
(832, 430, 836, NULL, 431),
(833, 431, 837, NULL, 432),
(834, 432, 838, '1', NULL),
(835, 432, 839, '2', NULL),
(836, 430, 840, '1', NULL),
(837, 430, 841, '3', NULL),
(838, 433, 842, NULL, 434),
(839, 434, 843, NULL, 435),
(840, 435, 844, '2', NULL),
(841, 435, 845, '3', NULL),
(842, 433, 846, '2', NULL),
(843, 433, 847, '1', NULL),
(844, 436, 848, NULL, 437),
(845, 437, 849, NULL, 438),
(846, 438, 850, '1', NULL),
(847, 438, 851, '2', NULL),
(848, 436, 852, '1', NULL),
(849, 436, 853, '3', NULL),
(850, 439, 854, NULL, 440),
(851, 440, 855, NULL, 441),
(852, 441, 856, '2', NULL),
(853, 441, 857, '3', NULL),
(854, 439, 858, '2', NULL),
(855, 439, 859, '1', NULL),
(856, 442, 860, NULL, 443),
(857, 443, 861, NULL, 444),
(858, 444, 862, '1', NULL),
(859, 444, 863, '2', NULL),
(860, 442, 864, '1', NULL),
(861, 442, 865, '3', NULL),
(862, 445, 866, NULL, 446),
(863, 446, 867, NULL, 447),
(864, 447, 868, '2', NULL),
(865, 447, 869, '3', NULL),
(866, 445, 870, '2', NULL),
(867, 445, 871, '1', NULL),
(868, 448, 872, NULL, 449),
(869, 449, 873, NULL, 450),
(870, 450, 874, '1', NULL),
(871, 450, 875, '2', NULL),
(872, 448, 876, '1', NULL),
(873, 448, 877, '3', NULL),
(874, 451, 878, NULL, 452),
(875, 452, 879, NULL, 453),
(876, 453, 880, '2', NULL),
(877, 453, 881, '3', NULL),
(878, 451, 882, '2', NULL),
(879, 451, 883, '1', NULL),
(880, 454, 884, NULL, 455),
(881, 455, 885, NULL, 456),
(882, 456, 886, '1', NULL),
(883, 456, 887, '2', NULL),
(884, 454, 888, '1', NULL),
(885, 454, 889, '3', NULL),
(886, 457, 890, NULL, 458),
(887, 458, 891, NULL, 459),
(888, 459, 892, '2', NULL),
(889, 459, 893, '3', NULL),
(890, 457, 894, '2', NULL),
(891, 457, 895, '1', NULL),
(892, 460, 896, NULL, 461),
(893, 461, 897, NULL, 462),
(894, 462, 898, '1', NULL),
(895, 462, 899, '2', NULL),
(896, 460, 900, '1', NULL),
(897, 460, 901, '3', NULL),
(898, 463, 902, NULL, 464),
(899, 464, 903, NULL, 465),
(900, 465, 904, '2', NULL),
(901, 465, 905, '3', NULL),
(902, 463, 906, '2', NULL),
(903, 463, 907, '1', NULL),
(904, 466, 908, NULL, 467),
(905, 467, 909, NULL, 468),
(906, 468, 910, '1', NULL),
(907, 468, 911, '2', NULL),
(908, 466, 912, '1', NULL),
(909, 466, 913, '3', NULL),
(910, 469, 914, NULL, 470),
(911, 470, 915, NULL, 471),
(912, 471, 916, '2', NULL),
(913, 471, 917, '3', NULL),
(914, 469, 918, '2', NULL),
(915, 469, 919, '1', NULL),
(916, 472, 920, NULL, 473),
(917, 473, 921, NULL, 474),
(918, 474, 922, '1', NULL),
(919, 474, 923, '2', NULL),
(920, 472, 924, '1', NULL),
(921, 472, 925, '3', NULL),
(922, 475, 926, NULL, 476),
(923, 476, 927, NULL, 477),
(924, 477, 928, '2', NULL),
(925, 477, 929, '3', NULL),
(926, 475, 930, '2', NULL),
(927, 475, 931, '1', NULL),
(928, 478, 932, NULL, 479),
(929, 479, 933, NULL, 480),
(930, 480, 934, '1', NULL),
(931, 480, 935, '2', NULL),
(932, 478, 936, '1', NULL),
(933, 478, 937, '3', NULL),
(934, 481, 938, NULL, 482),
(935, 482, 939, NULL, 483),
(936, 483, 940, '2', NULL),
(937, 483, 941, '3', NULL),
(938, 481, 942, '2', NULL),
(939, 481, 943, '1', NULL),
(940, 484, 944, NULL, 485),
(941, 485, 945, NULL, 486),
(942, 486, 946, '2', NULL),
(943, 486, 947, '3', NULL),
(944, 484, 948, '2', NULL),
(945, 484, 949, '1', NULL),
(946, 487, 950, NULL, 488),
(947, 488, 951, '1', NULL),
(948, 488, 952, '2', NULL),
(949, 489, 953, NULL, 490),
(950, 490, 954, NULL, 491),
(951, 491, 955, '2', NULL),
(952, 491, 956, '3', NULL),
(953, 489, 957, '2', NULL),
(954, 489, 958, '1', NULL),
(955, 492, 959, NULL, 493),
(956, 493, 960, '1', NULL),
(957, 493, 961, '2', NULL),
(958, 494, 962, NULL, 495),
(959, 495, 963, NULL, 496),
(960, 496, 964, '2', NULL),
(961, 496, 965, '3', NULL),
(962, 494, 966, '2', NULL),
(963, 494, 967, '1', NULL),
(964, 497, 968, NULL, 498),
(965, 498, 969, '1', NULL),
(966, 498, 970, '2', NULL),
(967, 499, 971, NULL, 500),
(968, 500, 972, NULL, 501),
(969, 501, 973, '2', NULL),
(970, 501, 974, '3', NULL),
(971, 499, 975, '2', NULL),
(972, 499, 976, '1', NULL),
(973, 502, 977, NULL, 503),
(974, 503, 978, '1', NULL),
(975, 503, 979, '2', NULL),
(976, 504, 980, NULL, 505),
(977, 505, 981, NULL, 506),
(978, 506, 982, '2', NULL),
(979, 506, 983, '3', NULL),
(980, 504, 984, '2', NULL),
(981, 504, 985, '1', NULL),
(982, 507, 986, NULL, 508),
(983, 508, 987, '1', NULL),
(984, 508, 988, '2', NULL),
(985, 509, 989, NULL, 510),
(986, 510, 990, NULL, 511),
(987, 511, 991, '2', NULL),
(988, 511, 992, '3', NULL),
(989, 509, 993, '2', NULL),
(990, 509, 994, '1', NULL),
(991, 512, 995, NULL, 513),
(992, 513, 996, '1', NULL),
(993, 513, 997, '2', NULL),
(994, 514, 998, NULL, 515),
(995, 515, 999, NULL, 516),
(996, 516, 1000, '2', NULL),
(997, 516, 1001, '3', NULL),
(998, 514, 1002, '2', NULL),
(999, 514, 1003, '1', NULL),
(1000, 517, 1004, NULL, 518),
(1001, 518, 1005, '1', NULL),
(1002, 518, 1006, '2', NULL),
(1003, 519, 1007, NULL, 520),
(1004, 520, 1008, NULL, 521),
(1005, 521, 1009, '2', NULL),
(1006, 521, 1010, '3', NULL),
(1007, 519, 1011, '2', NULL),
(1008, 519, 1012, '1', NULL),
(1009, 522, 1013, NULL, 523),
(1010, 523, 1014, '1', NULL),
(1011, 523, 1015, '2', NULL),
(1012, 524, 1016, NULL, 525),
(1013, 525, 1017, NULL, 526),
(1014, 526, 1018, '2', NULL),
(1015, 526, 1019, '3', NULL),
(1016, 524, 1020, '2', NULL),
(1017, 524, 1021, '1', NULL),
(1018, 527, 1022, NULL, 528),
(1019, 528, 1023, '1', NULL),
(1020, 528, 1024, '2', NULL),
(1021, 529, 1025, NULL, 530),
(1022, 530, 1026, NULL, 531),
(1023, 531, 1027, '2', NULL),
(1024, 531, 1028, '3', NULL),
(1025, 529, 1029, '2', NULL),
(1026, 529, 1030, '1', NULL),
(1027, 532, 1031, NULL, 533),
(1028, 533, 1032, '1', NULL),
(1029, 533, 1033, '2', NULL),
(1030, 534, 1034, NULL, 535),
(1031, 535, 1035, NULL, 536),
(1032, 536, 1036, '2', NULL),
(1033, 536, 1037, '3', NULL),
(1034, 534, 1038, '2', NULL),
(1035, 534, 1039, '1', NULL),
(1036, 537, 1040, NULL, 538),
(1037, 538, 1041, '1', NULL),
(1038, 538, 1042, '2', NULL),
(1039, 539, 1043, NULL, 540),
(1040, 540, 1044, NULL, 541),
(1041, 541, 1045, '2', NULL),
(1042, 541, 1046, '3', NULL),
(1043, 539, 1047, '2', NULL),
(1044, 539, 1048, '1', NULL),
(1045, 542, 1049, NULL, 543),
(1046, 543, 1050, '1', NULL),
(1047, 543, 1051, '2', NULL),
(1048, 544, 1052, NULL, 545),
(1049, 545, 1053, NULL, 546),
(1050, 546, 1054, '2', NULL),
(1051, 546, 1055, '3', NULL),
(1052, 544, 1056, '2', NULL),
(1053, 544, 1057, '1', NULL),
(1054, 547, 1058, NULL, 548),
(1055, 548, 1059, '1', NULL),
(1056, 548, 1060, '2', NULL),
(1057, 549, 1061, NULL, 550),
(1058, 550, 1062, NULL, 551),
(1059, 551, 1063, '2', NULL),
(1060, 551, 1064, '3', NULL),
(1061, 549, 1065, '2', NULL),
(1062, 549, 1066, '1', NULL),
(1063, 552, 1067, NULL, 553),
(1064, 553, 1068, NULL, 554),
(1065, 554, 1069, '2', NULL),
(1066, 554, 1070, '3', NULL),
(1067, 552, 1071, '2', NULL),
(1068, 552, 1072, '1', NULL),
(1069, 555, 1073, NULL, 556),
(1070, 556, 1074, '1', NULL),
(1071, 556, 1075, '2', NULL),
(1072, 557, 1076, NULL, 558),
(1073, 558, 1077, 'c', NULL),
(1074, 558, 1078, 'd', NULL),
(1075, 559, 1079, NULL, 560),
(1076, 560, 1080, '1', NULL),
(1077, 560, 1081, '2', NULL),
(1078, 561, 1082, 'asd', NULL),
(1079, 561, 1083, 'asd', NULL),
(1080, 562, 1084, 'asd', NULL),
(1081, 562, 1085, 'asd', NULL),
(1082, 563, 1086, NULL, 564),
(1083, 564, 1087, NULL, 565),
(1084, 565, 1088, NULL, 566),
(1085, 566, 1089, '4', NULL),
(1086, 566, 1090, '5', NULL),
(1087, 566, 1091, '6', NULL),
(1088, 564, 1092, '2', NULL),
(1089, 567, 1093, NULL, 568),
(1090, 568, 1094, NULL, 569),
(1091, 569, 1095, NULL, 570),
(1092, 570, 1096, NULL, 571),
(1093, 571, 1097, '1', NULL),
(1094, 571, 1098, '2', NULL),
(1095, 571, 1099, '3', NULL),
(1096, 569, 1100, '2', NULL);

--
-- Indici per le tabelle scaricate
--

--
-- Indici per le tabelle `fields`
--
ALTER TABLE `fields`
  ADD PRIMARY KEY (`id`);

--
-- Indici per le tabelle `instances`
--
ALTER TABLE `instances`
  ADD PRIMARY KEY (`id`,`idUser`),
  ADD UNIQUE KEY `Id_Istance` (`id`),
  ADD KEY `vincolo_user` (`idUser`),
  ADD KEY `vincolo_object` (`idObject`);

--
-- Indici per le tabelle `objects`
--
ALTER TABLE `objects`
  ADD PRIMARY KEY (`id`);

--
-- Indici per le tabelle `users`
--
ALTER TABLE `users`
  ADD PRIMARY KEY (`id`);

--
-- Indici per le tabelle `valves`
--
ALTER TABLE `valves`
  ADD PRIMARY KEY (`id`);

--
-- AUTO_INCREMENT per le tabelle scaricate
--

--
-- AUTO_INCREMENT per la tabella `fields`
--
ALTER TABLE `fields`
  MODIFY `id` int(11) NOT NULL AUTO_INCREMENT, AUTO_INCREMENT=1101;
--
-- AUTO_INCREMENT per la tabella `instances`
--
ALTER TABLE `instances`
  MODIFY `id` int(11) NOT NULL AUTO_INCREMENT, AUTO_INCREMENT=572;
--
-- AUTO_INCREMENT per la tabella `objects`
--
ALTER TABLE `objects`
  MODIFY `id` int(11) NOT NULL AUTO_INCREMENT, AUTO_INCREMENT=584;
--
-- AUTO_INCREMENT per la tabella `users`
--
ALTER TABLE `users`
  MODIFY `id` int(11) NOT NULL AUTO_INCREMENT, AUTO_INCREMENT=205;
--
-- AUTO_INCREMENT per la tabella `valves`
--
ALTER TABLE `valves`
  MODIFY `id` int(11) NOT NULL AUTO_INCREMENT, AUTO_INCREMENT=1097;
--
-- Limiti per le tabelle scaricate
--

--
-- Limiti per la tabella `instances`
--
ALTER TABLE `instances`
  ADD CONSTRAINT `vincolo_object` FOREIGN KEY (`idObject`) REFERENCES `objects` (`id`),
  ADD CONSTRAINT `vincolo_user` FOREIGN KEY (`idUser`) REFERENCES `users` (`id`);

/*!40101 SET CHARACTER_SET_CLIENT=@OLD_CHARACTER_SET_CLIENT */;
/*!40101 SET CHARACTER_SET_RESULTS=@OLD_CHARACTER_SET_RESULTS */;
/*!40101 SET COLLATION_CONNECTION=@OLD_COLLATION_CONNECTION */;
